text,label
"Здравствуйте, интересует квартира в новостройке",1
"Есть варианты в центре Сочи?",1
"Рассматриваю покупку 2-комнатной",1
"Сколько стоит квартира на Красной?",1
"Есть рассрочка на жильё?",1
"Планирую купить студию в ближайшее время",1
"Интересует новостройка рядом с метро",1
"Ищу квартиру до 10 млн",1
"Подскажите ипотечные условия",1
"Сколько квадратов в этой квартире?",1
"Можно ли посмотреть вживую?",1
"Хочу записаться на просмотр",1
"Рассматриваю покупку дома",1
"Сколько соток у участка?",1
"Планирую купить апартаменты",1
"Какие документы на жильё?",1
"Возможно купить в ипотеку?",1
"Хочу инвестировать в новостройку",1
"Рассматриваю новостройки от застройщика",1
"Какие ЖК ещё есть в этом районе?",1
"Добрый день, хочу купить квартиру",1
"Подбираю жильё для семьи",1
"Есть ли паркинг при покупке?",1
"Планирую покупку через маткапитал",1
"Сколько стоит 1-комнатная?",1
"Можно рассчитать ипотеку?",1
"Какая минимальная цена за м²?",1
"Ищу квартиру с отделкой",1
"Есть квартиры с балконом?",1
"Какой срок сдачи дома?",1
"Какие налоги при покупке?",1
"Хочу приобрести недвижимость в ипотеку",1
"Интересует квартира в ипотеку без первоначального",1
"Какие объекты вы можете предложить?",1
"Сколько стоит квадратный метр?",1
"Есть ли квартиры с отделкой под ключ?",1
"Рассматриваю покупку квартиры в ЖК",1
"Мне нужно жильё до 12 млн",1
"Где находится объект?",1
"Какие условия бронирования квартиры?",1
"Хочу купить жильё без посредников",1
"Рассчитываю на помощь с ипотекой",1
"У вас есть жильё в Краснодаре?",1
"Ищу однушку в спальном районе",1
"Хочу вложиться в недвижимость",1
"Какие дома уже сданы?",1
"Можно ли купить с использованием сертификата?",1
"Интересует вторичка",1
"Какая этажность у дома?",1
"Хочу купить квартиру для сына",1
"Здравствуйте",0
"Какие у вас объекты?",0
"Скиньте прайс",0
"🤝",0
"Очень красиво!",0
"Где вы находитесь?",0
"Аренда интересует",0
"Можно в ипотеку взять?",1
"Я риелтор",0
"Можно подробнее об условиях сотрудничества?",0
"Я представляю агентство",0
"Как стать вашим партнёром?",0
"Хотим с вами сотрудничать",0
"У вас есть база объектов?",0
"Покупать не планирую, просто интересно",0
"Можно взять в аренду на лето?",0
"Это ЖК с хорошим видом?",0
"Сколько стоит аренда?",0
"Вы работаете по агентскому договору?",0
"Добавьте в чат",0
"Я из ТГ-канала, просто смотрю",0
"Какой процент агенту?",0
"Сколько длится сделка?",0
"Хочу просто подписаться на вас",0
"Где можно оставить отзыв?",0
"Вы принимаете в Telegram документы?",0
"Я инвестор, интересует земля",0
"Спасибо, передам знакомым",0
"Какая стоимость услуг?",0
"Можете выслать презентацию?",0
"Как в чат попасть?",0
"Можно цену без комиссии?",0
"Просто лайк",0
"Вы на маркетплейсах есть?",0
"Это где снято?",0
"Прекрасная кухня!",0
"Это какая серия дома?",0
"Ремонт сами делали?",0
"Фото очень красивые",0
"Вау, классно",0
"Я пока просто интересуюсь",0
"Есть чат для покупателей?",0
"Выставьте на Авито",0
"Я покупкой не интересуюсь",0
"Это ваша квартира?",0
"Где смотреть видео?",0
"Это рендер или фото?",0
"Можете выслать планировку?",0
"Скиньте PDF",0
"Куплю 2-х комнатную квартиру в Краснодаре", 1
"Да знаю я", 0 
"Хочу переехать в новороссийск и купить квартиру",1
"*ЖК Жилой квартал*🏯 *студия* ➡️💵*2900*💶сейф🔐➡️Артинвест 214 фз,мон/кирп️По ЕГРН-16,7 м²+2,9 м² балкон. В ДКП-2300➡️7/10 эт.Лифт,новый ремонт, балкон,кух. гарнитур, кондёр🩷✅Ул.Шевцова 8 #Любимово➡️Авито нет❌ любой заклад 89186884826 Максим", 0
"Я ваш спор с дамой весь от начала до конца прочитал. Вы думаете я на ровном месте захотел прицепиться. Я как бы и не цеплялся, а всего лишь спросил помните ли вы начало разговора, уже из этого можно было понять что я его весь прочитал. Вы мне ответили да и спросили в чем мой интерес- Я ответил что у меня возникли сомнения в том что вы помните и ваш ответ их не развеял к сожалению. Далее у вас последовал вообще не понятный комментарий - Виталий, вы странный.🤷‍♂ Задали вопрос - вспомните? Я ответил - да, что однозначно подразумевает - вспомню или помню. 👌Внимательно его прочитайте лично я с трудом понял что вы хотите до меня до нести. Я опять задал вопрос, к чему этот дурацкий вопрос про адвоката. Ответа не получил. Сделали вывод для себя, что вы просто троллите. Ну дальше вы знаете, видите как всё просто. А вы мне про камень за пазухой🤷‍♂",0
"Завтра состоится важное мероприятие, нужно быстро оформить зал и переместить аппаратуру заплачу 5 тыс",0
" Кто живет в районе улицы Дзержинского и где котокафе Мыс Добра?",0 
"📦 Подработка/основная занятость — свободный график, доход до 15к в день.", 0
"Куплю квартиру 😁",1
"Ищу квартиру в Сочи с видом на море",1
"Хочу купить дом в Анапе для постоянного проживания",1
"Планирую покупку квартиры в Геленджике",1
"Ищу новостройку в Севастополе рядом с морем",1
"Рассматриваю новостройку в Краснодаре",1
"Нужна квартира в Новороссийске, 2 комнаты",1
"Хочу жильё в Симферополе, желательно центр",1
"Куплю квартиру в Ялте до 15 млн",1
"Ищу дом в Туапсе с участком",1
"Планирую купить квартиру в Адлере",1
"Рассматриваю покупку новостройки в Сочи",1
"Нужна однокомнатная квартира в Анапе",1
"Хочу приобрести дом в Севастополе",1
"Ищу студию в новостройке в Геленджике",1
"Куплю новостройку в Краснодаре",1
"Хочу квартиру в Сочи с ремонтом",1
"Планирую покупку дома в Анапе",1
"Нужна квартира в Ялте с балконом",1
"Хочу купить жильё в Симферополе",1
"Рассматриваю квартиру в новостройке в Новороссийске",1
"Ищу дом в Туапсе для дачи",1
"Куплю квартиру в Сочи для сдачи",1
"Хочу новостройку в Адлере",1
"Ищу жильё в Анапе у моря",1
"Планирую взять дом в Севастополе",1
"Нужна квартира в Геленджике с видом",1
"Рассматриваю новостройку в Ялте",1
"Куплю двухкомнатную квартиру в Краснодаре",1
"Хочу дом в Новороссийске",1
"Ищу квартиру в Симферополе, не выше 3 этажа",1
"Планирую купить студию в Адлере",1
"Нужен дом в Анапе с садом",1
"Хочу новостройку в Сочи до 12 млн",1
"Куплю жильё в Туапсе",1
"Рассматриваю квартиру в Геленджике у пляжа",1
"Ищу квартиру в Ялте для родителей",1
"Хочу купить дом в Краснодаре с коммуникациями",1
"Нужна новостройка в Севастополе",1
"Планирую взять квартиру в Анапе",1
"Хочу жильё в Новороссийске",1
"Ищу дом в Симферополе",1
"Куплю квартиру в Адлере с парковкой",1
"Хочу однушку в новостройке в Сочи",1
"Рассматриваю жильё в Туапсе",1
"Нужна квартира в Анапе, ближе к морю",1
"Куплю дом в Геленджике",1
"Хочу студию в Севастополе",1
"Планирую покупку квартиры в Краснодаре",1
"Ищу жильё в Сочи с видом",1
"Хочу дом в Новороссийске с участком",1
"Рассматриваю новостройку в Адлере",1
"Куплю квартиру в Ялте для отдыха",1
"Нужна новостройка в Анапе",1
"Хочу купить дом в Сочи",1
"Планирую покупку квартиры в Симферополе",1
"Ищу жильё в Геленджике",1
"Хочу двухкомнатную квартиру в Туапсе",1
"Куплю студию в Краснодаре",1
"Нужен дом в Ялте",1
"Хочу квартиру в Адлере",1
"Рассматриваю дом в Анапе",1
"Ищу жильё в Севастополе",1
"Планирую купить новостройку в Сочи",1
"Куплю квартиру в Геленджике для семьи",1
"Хочу дом в Симферополе",1
"Нужна квартира в Новороссийске",1
"Ищу новостройку в Туапсе",1
"Хочу жильё в Анапе, ближе к морю",1
"Планирую приобрести квартиру в Ялте",1
"Куплю новостройку в Краснодаре",1
"Рассматриваю квартиру в Сочи",1
"Хочу однушку в Севастополе",1
"Нужна квартира в Геленджике для ПМЖ",1
"Ищу дом в Адлере",1
"Планирую покупку жилья в Анапе",1
"Хочу студию в Ялте",1
"Куплю жильё в Симферополе",1
"Нужна квартира в Туапсе",1
"Ищу новостройку в Сочи, район Мамайка",1
"Хочу дом в Севастополе",1
"Планирую взять квартиру в Геленджике",1
"Рассматриваю жильё в Анапе",1
"Ищу квартиру в Адлере",1
"Хочу новостройку в Новороссийске",1
"Нужна студия в Краснодаре",1
"Куплю дом в Симферополе",1
"Планирую покупку квартиры в Туапсе",1
"Хочу жильё в Ялте",1
"Ищу квартиру в новостройке в Сочи",1
"Куплю дом в Анапе до 20 млн",1
"Рассматриваю квартиру в Севастополе",1
"Хочу однушку в Геленджике",1
"Ищу жильё в Новороссийске",1
"Планирую покупку студии в Адлере",1
"Нужна квартира в Симферополе",1
"Хочу купить дом в Туапсе",1
"Куплю квартиру в Ялте",1
"Ищу новостройку в Краснодаре",1
"Хочу жильё в Анапе",1
"Планирую взять квартиру в Сочи",1
"Привет, кто уже ездил в Сочи этим летом?",0
"У кого есть опыт работы в риелторских агентствах?",0
"Кто-то знает хорошего мастера по ремонту?",0
"Подскажите, как получить налоговый вычет",0
"Я в Анапе сейчас, море тёплое",0
"Просто оставлю это здесь 😄",0
"Это агентство или частник?",0
"Скиньте прайс на услуги",0
"От души, классный видос!",0
"Какая разница между ЖК и апартами?",0
"Сегодня были сильные пробки в Геленджике",0
"Работаете с юрлицами?",0
"Какой район посоветуете для отпуска?",0
"Выглядит дорого",0
"Сколько метров до пляжа?",0
"Добрый вечер, когда собеседование?",0
"Какая температура воды?",0
"Красивый ремонт, кто делал?",0
"Планирую переехать, но пока не определился",0
"Есть кто-то из Севастополя?",0
"Это сторис или реальное фото?",0
"С праздником всех!",0
"Спасибо за информацию",0
"Кто сдаёт жильё на август?",0
"Работаете ли с застройщиками?",0
"Подскажите, где вкусно поесть в центре?",0
"Ищу дизайнера интерьера",0
"Нужно сделать обмеры помещения",0
"Как попасть в этот чат?",0
"Уже подписан, интересно",0
"Где это находится?",0
"Какая кухня на фото?",0
"Сколько стоит аренда на сутки?",0
"Это ваш объект?",0
"Какая комиссия у риелтора?",0
"Хочу сделать ремонт в таком же стиле",0
"Это какой район?",0
"Фото очень классные!",0
"Какой адрес офиса?",0
"Кто в Геленджике в августе?",0
"Спасибо, интересная подборка",0
"Риелторы, отзовитесь!",0
"Добавьте в группу, пожалуйста",0
"Скиньте Telegram канал",0
"Это вы с дрона снимали?",0
"Какая платформа у вас?",0
"Очень уютно выглядит",0
"Какая площадь у кухни?",0
"С кем можно поговорить по рекламе?",0
"Вы работаете по субподряду?",0
"Это макет или реальное здание?",0
"Где-то я уже это видел",0
"Какие у вас тарифы?",0
"Интересно, сколько стоит такой ремонт",0
"Просто лайкнул, красиво",0
"Спасибо, возьму на заметку",0
"Работаете с агентствами?",0
"Нужен юрист по недвижимости",0
"Какое у вас ИП?",0
"Кто занимается арендой на длительный срок?",0
"Делаете ли вы юридическое сопровождение?",0
"Когда будет вебинар?",0
"Скиньте презентацию",0
"Сколько стоит консультация?",0
"Это коммерция?",0
"Это вторичка или новостройка?",0
"Кто-то уже покупал в этом ЖК?",0
"Мне просто интересно, без планов",0
"Какие преимущества у этого ЖК?",0
"Сколько квартир в доме?",0
"Где находятся шоурумы?",0
"Можно ли инвестировать в проект?",0
"Кто-то уже сталкивался с этим?",0
"Хочу просто подписаться на вас",0
"Нужно фото в высоком качестве",0
"Просто мимо проходил",0
"Где найти описание проекта?",0
"Какие есть документы на объект?",0
"Это бизнес-класс?",0
"Кто-то покупал через маткапитал?",0
"Это жилой фонд?",0
"Спасибо, передам другу",0
"С кем можно обсудить сотрудничество?",0
"Я пока не определился с планами",0
"Вы работаете по всей России?",0
"Очень круто, удачи вам!",0
"Где можно узнать больше про ипотеку?",0
"Это ваш канал?",0
"Публикуйте побольше таких примеров",0
"Подскажите, где оформить ИЖС?",0
"Мне просто понравилось оформление",0
"Кто-то заказывал у них?",0
"Сколько стоит квадрат в этом районе?",0
"Какие альтернативы есть?",0
"Что скажете про инфраструктуру?",0
"Где находится ближайшее метро?",0
"Кто оформляет прописку?",0
"Какой банк лучше для ипотеки?",0
"Кто поможет с дизайном?",0
"Есть ли школы рядом?",0
"Просто листаю, ничего не ищу",0
"куплю квартиру в сочи",1
"куплю дом в анапе",1
"куплю новостройку в краснодаре",1
"куплю дачу у моря",1
"куплю квартиру с видом на море",1
"куплю жильё в геленджике",1
"куплю дом в туапсе",1
"куплю квартиру в новостройке",1
"куплю квартиру в центре города",1
"куплю дом с большим участком",1
"куплю квартиру недорого",1
"куплю квартиру в пригороде",1
"куплю жильё для семьи",1
"куплю дом в экологически чистом районе",1
"куплю квартиру с ремонтом",1
"куплю квартиру без посредников",1
"куплю дом с садом",1
"куплю квартиру с парковкой",1
"куплю квартиру у моря",1
"куплю новостройку в анапе",1
"куплю квартиру в районе с развитой инфраструктурой",1
"куплю жильё в лазаревском",1
"куплю квартиру в сочи недорого",1
"куплю дом с баней",1
"куплю квартиру с большой кухней",1
"куплю квартиру в жк зелёный берег",1
"куплю дом с гаражом",1
"куплю квартиру с двумя спальнями",1
"куплю квартиру рядом с морем",1
"куплю дом в районе школы",1
"куплю квартиру в центре краснодара",1
"куплю жильё на юге россии",1
"куплю новостройку в туапсе",1
"куплю квартиру в анапской новостройке",1
"куплю дом в посёлке",1
"куплю квартиру для сдачи в аренду",1
"куплю жильё с ремонтом",1
"куплю квартиру с лоджией",1
"куплю дом с бассейном",1
"куплю квартиру в краснодарском крае",1
"куплю квартиру с балконом",1
"куплю дом в районе парка",1
"куплю квартиру эконом класса",1
"куплю квартиру в районе моря",1
"куплю квартиру для семьи с детьми",1
"куплю дом с видом на горы",1
"куплю квартиру в новом районе",1
"куплю жильё в курортном городе",1
"куплю квартиру в жилом комплексе",1
"куплю дом с ремонтом",1
"куплю квартиру с хорошим ремонтом",1
"куплю квартиру возле моря",1
"куплю дом недорого",1
"куплю квартиру в анапе недорого",1
"куплю жильё в сочи с видом на море",1
"куплю квартиру в краснодаре с ремонтом",1
"куплю квартиру в районе центра",1
"куплю дом на побережье",1
"куплю квартиру с большой площадью",1
"куплю жильё рядом с парком",1
"куплю квартиру с ремонтом и мебелью",1
"куплю квартиру в жк молодёжный",1
"куплю дом в тихом районе",1
"куплю квартиру в краснодаре недорого",1
"куплю квартиру в новом доме",1
"куплю жильё в курортной зоне",1
"куплю квартиру с большой кухней",1
"куплю дом с участком",1
"куплю квартиру с видом на парк",1
"куплю квартиру в жк солнечный",1
"куплю дом в пригороде краснодара",1
"куплю квартиру с ремонтом в сочи",1
"куплю жильё в районе моря",1
"куплю квартиру с мебелью",1
"куплю дом с отдельным входом",1
"куплю квартиру в новостройке недорого",1
"куплю квартиру в зелёном районе",1
"куплю жильё с ремонтом и техникой",1
"куплю квартиру с балконом в сочи",1
"куплю дом в курортном районе",1
"куплю квартиру с двумя комнатами",1
"куплю квартиру с видом на лес",1
"куплю дом в сосновом бору",1
"куплю квартиру эконом варианта",1
"куплю жильё с хорошей инфраструктурой",1
"куплю квартиру в центре анапы",1
"куплю дом с садом и огородом",1
"куплю квартиру в жк престижный",1
"куплю квартиру с высокими потолками",1
"Планирую покупку квартиры в Туапсе",1
"Ищу дом в Геленджике",1
"Хочу купить квартиру в Сочи",1
"Куплю квартиру в Анапе",1
"Интересует новостройка в Краснодаре",1
"Ищу жильё с ремонтом",1
"Планирую покупку дома с участком",1
"Хочу купить квартиру недалёко от моря",1
"Куплю квартиру с видом на горы",1
"Ищу квартиру для семьи",1
"Планирую приобретение квартиры в центре города",1
"Хочу купить новостройку",1
"Куплю квартиру в пригороде",1
"Ищу дом с большим участком",1
"Планирую покупку квартиры в жилом комплексе",1
"Хочу купить квартиру с парковкой",1
"Куплю квартиру с лоджией",1
"Ищу квартиру рядом с морем",1
"Планирую купить дом в экологически чистом районе",1
"Хочу приобрести квартиру с ремонтом",1
"Куплю квартиру недорого",1
"Ищу новостройку в Анапе",1
"Планирую покупку квартиры с мебелью",1
"Хочу купить дачу у моря",1
"Куплю квартиру с балконом",1
"Ищу квартиру для сдачи в аренду",1
"Планирую купить дом с баней",1
"Хочу приобрести квартиру в центре",1
"Куплю квартиру с двумя спальнями",1
"Ищу жильё в новом районе",1
"Планирую купить квартиру в ЖК Солнечный",1
"Хочу купить квартиру в Краснодаре",1
"Куплю квартиру с большой кухней",1
"Ищу дом на побережье",1
"Планирую покупку квартиры для инвестиций",1
"Хочу купить квартиру рядом с парком",1
"Куплю квартиру с ремонтом и мебелью",1
"Ищу квартиру с хорошей шумоизоляцией",1
"Планирую покупку квартиры с видом на море",1
"Хочу купить квартиру в районе с развитой инфраструктурой",1
"Куплю квартиру в Анапе",1
"Ищу дом в курортной зоне",1
"Планирую покупку квартиры с парковочным местом",1
"Хочу купить квартиру с просторной гостиной",1
"Куплю квартиру с ремонтом в новостройке",1
"Ищу квартиру для молодой семьи",1
"Планирую купить квартиру в Туапсе",1
"Хочу приобрести квартиру с высокими потолками",1
"Куплю дом с садом",1
"Ищу квартиру с отличным ремонтом",1
"Планирую покупку квартиры в новом жилом комплексе",1
"Хочу купить квартиру в Сочи недорого",1
"Куплю квартиру с лоджией и балконом",1
"Ищу дом с гаражом",1
"Планирую купить квартиру с хорошей планировкой",1
"Хочу купить квартиру с видом на лес",1
"Куплю квартиру в районе школы",1
"Ищу квартиру с мебелью и техникой",1
"Планирую покупку квартиры с дизайнерским ремонтом",1
"Хочу купить дом на окраине города",1
"Куплю квартиру с балконом и видом на парк",1
"Ищу квартиру с большой площадью",1
"Планирую купить квартиру с кухней-студией",1
"Хочу купить квартиру в ЖК Молодёжный",1
"Куплю квартиру с отдельным входом",1
"Ищу жильё с хорошей инфраструктурой",1
"Планирую покупку квартиры с подвалом",1
"Хочу купить квартиру с тёплыми полами",1
"Куплю дом с бассейном",1
"Ищу квартиру с высокими потолками",1
"Планирую покупку квартиры с кладовкой",1
"Хочу купить квартиру с выходом во двор",1
"Куплю квартиру в зелёном районе",1
"Ищу квартиру с видом на реку",1
"Планирую покупку квартиры с просторным холлом",1
"Хочу купить квартиру в новостройке недорого",1
"Куплю квартиру в курортном городе",1
"Ищу квартиру с балконом и лоджией",1
"Планирую покупку квартиры с возможностью перепланировки",1
"Хочу купить квартиру с хорошей шумоизоляцией",1
"Куплю квартиру в центре Анапы",1
"Ищу дом с большим участком и садом",1
"Планирую покупку квартиры с индивидуальным отоплением",1
"Хочу купить квартиру с видом на горы",1
"Куплю квартиру с двумя санузлами",1
"Ищу квартиру в районе с развитым транспортом",1
"Планирую покупку квартиры с видеонаблюдением",1
"Хочу купить квартиру с лифтом",1
"Куплю квартиру в ЖК Престиж",1
"Ищу квартиру с хорошей планировкой",1
"Планирую покупку квартиры с панорамными окнами",1
"Хочу купить квартиру с тёплой лоджией",1
"Куплю дом с гаражом и садом",1
"Ищу квартиру для сдачи в аренду",1
"Планирую покупку квартиры с хорошим ремонтом",1
"Хочу купить квартиру в районе с парком",1
"Куплю квартиру с новой сантехникой",1
"Ищу дом в пригороде Краснодара",1
"Планирую покупку квартиры с хорошей экологией",1
"Хочу купить квартиру с большой кухней и гостиной",1
"Куплю квартиру с кладовой комнатой",1
"Ищу квартиру с хорошей звукоизоляцией",1
"Планирую покупку квартиры с новым ремонтом",1
"Хочу купить квартиру в Туапсе",1
"Куплю квартиру с парковкой под домом",1
"Ищу дом в экологически чистом районе",1
"Планирую покупку квартиры с выходом на террасу",1
"Хочу купить квартиру с большой лоджией",1
"Куплю квартиру в ЖК Комфорт",1
"Ищу квартиру с мебелью и техникой",1
"Планирую покупку квартиры с ремонтом от застройщика",1
"Хочу купить дом с видом на море",1
"Куплю квартиру с тёплыми полами и хорошей отделкой",1
"Ищу квартиру с современным ремонтом",1
"Планирую покупку квартиры с отдельной кладовой",1
"Хочу купить квартиру с подвалом",1
"Куплю квартиру с большой прихожей",1
"Ищу дом в новостройке",1
"Планирую покупку квартиры с парковочным местом",1
"Хочу купить квартиру с кухней-студией",1
"Куплю квартиру с видом на парк и лес",1
"Ищу квартиру с хорошей шумоизоляцией",1
"Планирую покупку квартиры с ремонтом и мебелью",1
"Хочу купить квартиру в районе с развитой инфраструктурой",1
"Куплю квартиру с хорошим ремонтом в Анапе",1
"Ищу дом с большим участком",1
"Планирую покупку квартиры с новой сантехникой",1
"Хочу купить квартиру с балконом и видом на море",1
"Куплю квартиру с ремонтом от собственника",1
"Ищу квартиру для молодой семьи",1
"Планирую покупку квартиры с индивидуальным отоплением",1
"Хочу купить квартиру в центре города",1
"Куплю дом с баней и садом",1
"Ищу квартиру в курортном городе",1
"Планирую покупку квартиры с тёплыми полами",1
"Хочу купить квартиру с видом на реку",1
"Куплю квартиру в новостройке с ремонтом",1
"Ищу дом с гаражом",1
"Планирую покупку квартиры с лоджией",1
"Хочу купить квартиру с большой кухней",1
"Куплю квартиру с ремонтом и мебелью",1
"Ищу квартиру с видом на море",1
"Планирую покупку квартиры с парковкой",1
"Хочу купить квартиру в ЖК Молодёжный",1
"Куплю квартиру с отдельным входом",1
"Ищу жильё в курортной зоне",1
"Планирую покупку квартиры в новостройке",1
"Хочу купить дом с большим участком",1
"Куплю квартиру недорого",1
"Ищу квартиру с новым ремонтом",1
"Планирую покупку квартиры с большой гостиной",1
"Хочу купить квартиру с видом на лес",1
"Куплю квартиру в Анапе",1
"Ищу квартиру с хорошей планировкой",1
"Планирую покупку квартиры с дизайнерским ремонтом",1
"Хочу купить квартиру с лоджией",1
"Куплю квартиру с двумя спальнями",1
"Ищу дом в экологически чистом районе",1
"Планирую покупку квартиры с видом на горы",1
"Хочу купить квартиру с ремонтом от застройщика",1
"Куплю квартиру с просторной кухней",1
"Ищу квартиру с балконом и видом",1
"Планирую покупку квартиры с большой площадью",1
"Хочу купить квартиру с ремонтом и техникой",1
"Куплю квартиру с хорошей шумоизоляцией",1
"Привет, как дела?",0
"Кто смотрел вчерашний матч?",0
"Пойдём сегодня в кино?",0
"Какой сегодня день недели?",0
"Люблю слушать музыку вечером",0
"Ты уже видел новый фильм?",0
"Погода сегодня отличная для прогулки",0
"Нужно приготовить ужин",0
"Купил новую книгу",0
"Собираюсь на выходные в путешествие",0
"Как проходит твой день?",0
"Нужно купить продукты в магазине",0
"Пойду в спортзал после работы",0
"Сегодня хочу поиграть в видеоигры",0
"Где ближайшая кофейня?",0
"Планирую встретиться с друзьями",0
"Мне нравится этот сериал",0
"У меня завтра день рождения",0
"Нужно починить велосипед",0
"Завтра будет встреча с коллегами",0
"Какая музыка тебе нравится?",0
"Сколько стоит билет в театр?",0
"Ты видел последние новости?",0
"Люблю готовить новые блюда",0
"Сегодня прочитал интересную статью",0
"Пойду на концерт в выходные",0
"Погуляем в парке после работы?",0
"Что посоветуешь посмотреть?",0
"Слушаю подкасты по утрам",0
"Купил новый телефон",0
"Хочу научиться играть на гитаре",0
"Завтра будет дождь",0
"Куда поехать в отпуск?",0
"Понравился последний концерт",0
"Сегодня займусь уборкой",0
"Кто из вас знает хороший ресторан?",0
"В выходные хочу поспать подольше",0
"Готовлюсь к экзамену",0
"Люблю бегать по утрам",0
"Планирую начать изучать итальянский",0
"Нужно обновить программу на компьютере",0
"Сегодня слушал классическую музыку",0
"Завтра встреча с друзьями",0
"Кто играл в новую игру?",0
"Пошёл на рыбалку",0
"Смотрю новые сериалы",0
"Сегодня работал весь день",0
"Люблю чай с мёдом",0
"Пошёл в магазин за хлебом",0
"Хочу научиться готовить суши",0
"Завтра буду на тренировке",0
"Сегодня прочитал книгу о путешествиях",0
"Кто идёт на выставку?",0
"Планирую купить новый велосипед",0
"В выходные займусь спортом",0
"Собираюсь на фестиваль музыки",0
"Нужно почистить квартиру",0
"Сегодня изучаю программирование",0
"Купил новую куртку",0
"Пойду гулять с собакой",0
"Что посоветуешь почитать?",0
"Вечером смотрю фильм",0
"Нужно сделать ремонт в машине",0
"Планирую заняться йогой",0
"Кто знает хорошие книги?",0
"Сегодня сделал зарядку",0
"Собираюсь на пикник",0
"Завтра иду в театр",0
"Купил билет на концерт",0
"Пойду в бассейн",0
"Нужно забрать посылку",0
"Сегодня слушал джаз",0
"Планирую выучить французский язык",0
"Где можно купить хороший кофе?",0
"Занимаюсь фитнесом",0
"Пойду на выставку картин",0
"Кто играл в шахматы?",0
"Сегодня будет солнечно",0
"Нужно починить компьютер",0
"Планирую пойти в музей",0
"Купил новую книгу по истории",0
"Пойду в кафе вечером",0
"Сегодня сделал уборку",0
"Планирую заняться плаванием",0
"Кто идёт на пробежку?",0
"Пойду в кинотеатр",0
"Нужно купить подарок",0
"Сегодня слушал рок",0
"Планирую заняться рисованием",0
"Купил новый ноутбук",0
"Пойду на тренировку по футболу",0
"Завтра встречаюсь с друзьями",0
"Сегодня прочитал интересный блог",0
"Планирую начать бегать по утрам",0
"Кто хочет пойти в театр?",0
"Пошёл в парк с детьми",0
"Нужно записаться к врачу",0
"Пойду на выставку фотографий",0
"Сегодня слушал поп-музыку",0
"Планирую заняться танцами",0
"Купил новую футболку",0
"Пойду в спортзал вечером",0
"Завтра поеду на природу",0
"Сегодня сделал зарядку на улице",0
"Планирую начать изучать испанский",0
"Кто знает хороший фильм?",0
"Пойду в книжный магазин",0
"Нужно обновить антивирус",0
"Сегодня слушал классику",0
"Планирую заняться фотографией",0
"Купил новую сумку",0
"Пойду на концерт классической музыки",0
"Завтра буду на прогулке",0
"Сегодня прочитал статью про спорт",0
"Планирую начать учиться игре на пианино",0
"Кто идёт на марафон?",0
"Пошёл в кафе с друзьями",0
"Нужно подготовиться к экзамену",0
"Пойду в театр вечером",0
"Сегодня слушал электронику",0
"Планирую заняться садоводством",0
"Купил новый рюкзак",0
"Пойду в бассейн после работы",0
"Завтра встречаюсь с родственниками",0
"Сегодня сделал уборку на балконе",0
"Планирую начать бегать марафоны",0
"Кто знает хорошие рестораны?",0
"Пойду на выставку современного искусства",0
"Нужно купить новый телефон",0
"Сегодня слушал блюз",0
"Планирую заняться скейтбордингом",0
"Купил новые наушники",0
"Пойду в кино с друзьями",0
"Завтра поеду в горы",0
"Сегодня сделал зарядку дома",0
"Планирую начать учиться кулинарии",0
"Кто идёт на концерт рок-музыки?",0
"Пошёл в спортзал утром",0
"Нужно сходить в аптеку",0
"Пойду на вечерний променад",0
"Сегодня слушал инди-рок",0
"Планирую заняться вязанием",0
"Купил новый велосипед",0
"Пойду на йогу",0
"Завтра буду на выставке",0
"Сегодня прочитал книгу про путешествия",0
"Планирую начать изучать китайский",0
"Кто идёт на пикник?",0
"Пошёл в кафе на обед",0
"Нужно сделать ремонт в квартире",0
"Пойду на танцы вечером",0
"Сегодня слушал хип-хоп",0
"Планирую заняться боксом",0
"Купил новую кофту",0
"Пойду в театр с семьёй",0
"Завтра встречаюсь с друзьями",0
"Сегодня сделал уборку в гараже",0
"Планирую начать изучать фотографию",0
"Кто идёт на пробежку утром?",0
"Пошёл в парк гулять",0
"Нужно обновить компьютер",0
"Пойду в кафе вечером",0
"Сегодня слушал регги",0
"Планирую заняться йогой на природе",0
"Купил новые ботинки",0
"Пойду на выставку животных",0
"Завтра поеду на рыбалку",0
"Сегодня прочитал интересный блог",0
"Планирую начать учиться рисовать",0
"Кто идёт в поход?",0
"Пошёл в библиотеку",0
"Нужно сделать зарядку",0
"Пойду на концерт джаза",0
"Сегодня слушал метал",0
"Планирую заняться плаванием",0
"Купил новый рюкзак для путешествий",0
"Пойду в кинотеатр с друзьями",0
"Завтра буду на фестивале",0
"Сегодня сделал уборку на балконе",0
"Планирую начать изучать программирование",0
"Кто идёт на йогу?",0
"Пошёл в парк на пробежку",0
"Нужно купить билет на поезд",0
"Пойду в музей искусств",0
"Сегодня слушал поп-рок",0
"Планирую заняться плаванием в бассейне",0
"Купил новые очки",0
"Пойду на вечернюю прогулку",0
"Завтра встречаюсь с родственниками",0
"Сегодня прочитал статью про спорт",0
"Планирую начать изучать испанский язык",0
"Купил вчера килограмм яблок в Магните",0
"Покупаю арбуз обычно в середине-конце июля. Тогда они сладкие, а сейчас смысла нет - торопится то некуда",0
"Кто-нибудь покупал недавно в Новороссийске студии, в какую цену брали?",1
"Вчера на красной из квартиры выпала женщина",0
"Кто-нибудь интересно покупал квартиру в том ЖК после прилета по нему))",0
"Куплю подержанные, побитые, сломанные, новые машины тел. 82347229093",0
"Продается двухкомнатная квартира в центре новороссийска. Роскошная ванна, вид на море. Для информации пишите в личку.Продаем через договор купли-продажи",0
"Сдается дом в аренду на лето",0
"Хочу купить новый телефон, кто что посоветует?",0
"Подыскиваю ноутбук до 100к, желательно с хорошей видеокартой",0
"Кто знает, где купить вкусный кофе в зернах?",0
"Нужны кроссовки Nike, где лучше брать?",0
"Ищу, где заказать букет цветов с доставкой",0
"Хочу купить айпад для рисования",0
"Посоветуйте хороший интернет-магазин одежды",0
"Планирую купить электрогитару",0
"Кто покупал билеты на концерт — где надёжнее?",0
"Покупаю авиабилеты в Грузию, где дешевле?",0
"Нужен б/у велосипед, кто продаёт?",0
"Хочу приобрести подписку на Spotify",0
"Кто подскажет, где купить косметику из Кореи?",0
"Хочу купить подержанный айфон",0
"Подыскиваю зимнюю куртку, кто что видел?",0
"Где купить вкусное вино онлайн?",0
"Решили купить диван в гостиную",0
"Кто покупал PlayStation 5? Где дешевле?",0
"Где купить хорошие бокалы для вина?",0
"Ищу книги по психологии, лучше б/у",0
"Покупаю микроволновку, советы?",0
"Хочу купить очки Ray-Ban",0
"Где продают недорогие ковры?",0
"Подыскиваю кухонный комбайн",0
"Кто заказывал еду в Яндекс.Лавке?",0
"Покупаю корм для кошки",0
"Кто что слышал про покупку электроавто?",0
"Ищу гарнитуру для игр",0
"Хочу купить курс по дизайну",0
"Нужна новая клавиатура — механика",0
"Решили купить проектор домой",0
"Где купить дешёвую электронику в Европе?",0
"Покупаю снаряжение для похода",0
"Подыскиваю фитнес-браслет",0
"Нужен рюкзак для ноутбука",0
"Кто покупал диван на Ozon?",0
"Хочу купить швейную машинку",0
"Где лучше брать Apple Watch?",0
"Посоветуйте планшет для чтения",0
"Кто знает, где купить ткань для штор?",0
"Подыскиваю кресло-мешок",0
"Где купить технику в рассрочку?",0
"Нужна новая мышка, желательно Logitech",0
"Хочу купить подписку на курс английского",0
"Ищу самокат для взрослого",0
"Покупаю мебель в детскую",0
"Решил купить себе монитор 27 дюймов",0
"Где выгодно брать товары для дома?",0
"Кто покупал обувь в Lamoda?",0
"Где найти хорошие наушники?",0
"Нужен комплект шин",0
"Хочу приобрести книжную полку",0
"Подыскиваю стиральную машину",0
"Решили купить блендер",0
"Кто знает, где продаются аквариумы?",0
"Где купить нормальный пауэрбанк?",0
"Подыскиваю массажное кресло",0
"Нужен подарок на день рождения — купить онлайн",0
"Кто заказывал пиццу через Delivery Club?",0
"Хочу купить очки VR",0
"Решил купить аккордеон",0
"Покупаю курс по программированию",0
"Где лучше покупать детские игрушки?",0
"Нужен новый стол на кухню",0
"Подыскиваю колонки для компьютера",0
"Кто что знает про покупку термобелья?",0
"Ищу шлем для мотоцикла",0
"Хочу купить билеты на фестиваль",0
"Нужны книги по UX-дизайну",0
"Покупаю витамины — что посоветуете?",0
"Где заказывать технику с доставкой?",0
"Решил взять гантели домой",0
"Нужен фотоаппарат для начинающего",0
"Кто знает, где купить кухонную вытяжку?",0
"Подыскиваю лазерный принтер",0
"Где купить чехол на телефон?",0
"Хочу купить игрушку племяннику",0
"Нужны кисти и краски для акварели",0
"Подыскиваю дорожный чемодан",0
"Кто заказывал технику из Китая?",0
"Хочу приобрести робот-пылесос",0
"Нужна покупка сертификата в подарок",0
"Подыскиваю лампу для рабочего стола",0
"Кто брал онлайн-курсы по SMM?",0
"Ищу настольные игры в подарок",0
"Хочу купить новый микрофон",0
"Нужна зарядка для макбука",0
"Где купить обогреватель для дачи?",0
"Покупаю одежду на маркетплейсе",0
"Ищу линзы для фотокамеры",0
"Решил купить звуковую карту",0
"Хочу заказать набор для вышивки",0
"Нужна новая колонка JBL",0
"Где можно купить лего?",0
"Покупаю коврик для йоги",0
"Хочу купить курс по инвестициям",0
"Ищу подарочную упаковку",0
"Где берут канцтовары оптом?",0
"Нужна новая подставка под ноутбук",0
"Подыскиваю тренажёр домой",0
"Где купить ремешок для часов?",0
"Покупаю книгу на английском",0
"Хочу взять бутылку вина на вечер",0
"Кто заказывал одежду в Shein?",0
"Подыскиваю аксессуары для авто",0
"Нужна посуда в новую квартиру",0
"Ищу квартиру в Сочи для переезда, желательно недалеко от моря",1
"Подыскиваем жильё в Ялте для отдыха летом",1
"Хочу купить дом в Геленджике для постоянного проживания",1
"Планируем приобрести недвижимость в Симферополе",1
"Интересует покупка студии в Краснодаре в районе фестивального",1
"Смотрим варианты для покупки квартиры в Новороссийске",1
"Ищу недвижимость в Севастополе для сдачи в аренду",1
"Рассматриваю однушку в Анапе, ближе к пляжу",1
"Хочу взять двушку в Алуште — рассматриваю ипотеку",1
"Кто подскажет хорошие новостройки в Феодосии?",1
"Планирую вложиться в квартиру в Краснодарском крае",1
"Ищу апартаменты в Сочи для отдыха с семьёй",1
"Подыскиваем дом в Крыму для дачи",1
"Нужна квартира в центре Симферополя — кто что порекомендует?",1
"Хочу приобрести объект в Анапе для сдачи туристам",1
"Планирую покупку дома в станице под Краснодаром",1
"Ищу жильё в Геленджике с видом на море",1
"Подыскиваю квартиру в новостройке в Севастополе",1
"Хочу купить студию в Ялте — желательно с ремонтом",1
"Рассматриваю покупку недвижимости в Крыму под инвестиции",1
"Нужна квартира в Краснодаре, ближе к центру",1
"Ищу недорогой дом в Евпатории",1
"Подыскиваем трёшку в Сочи — можно вторичку",1
"Планирую переезд в Феодосию, ищу жильё",1
"Интересует недвижимость в Анапе — новострой или вторичка",1
"Хочу приобрести квартиру у моря в Алупке",1
"Рассматриваю варианты покупки жилья в Новороссийске",1
"Ищу дом в окрестностях Сочи — желательно с участком",1
"Подыскиваю жильё в Симферополе для родителей",1
"Хочу взять студию в Геленджике — срочно",1
"Интересует покупка объекта в Севастополе, район центра",1
"Ищу жильё в Краснодаре, до 6 млн",1
"Планирую купить недвижимость в Ялте — кто риелтор?",1
"Ищу квартиру в Анапе, ближе к морю",1
"Подыскиваю домик в Крыму, недалеко от Алушты",1
"Хочу приобрести жильё в Краснодарском крае",1
"Интересует трёшка в Сочи — с балконом и видом",1
"Планирую покупку недвижимости в Симферополе — вторичка",1
"Ищу двухкомнатную квартиру в Евпатории",1
"Рассматриваю апартаменты в Ялте",1
"Хочу купить квартиру в новостройке в Краснодаре",1
"Подыскиваю жильё у моря — Геленджик, Анапа, Сочи",1
"Интересует дом в Крыму, бюджет до 10 млн",1
"Ищу студию в Сочи в пешей доступности до пляжа",1
"Планируем покупку дома в Новороссийске",1
"Хочу взять квартиру в Феодосии",1
"Подыскиваю однушку в Севастополе",1
"Ищу жильё в Краснодаре, желательно с отделкой",1
"Планирую инвестировать в недвижимость в Ялте",1
"Интересует квартира в Алуште — ближе к центру",1
"Ищу дом в Анапе с коммуникациями",1
"Хочу купить квартиру в Симферополе, ипотека возможна",1
"Подыскиваем жильё в Геленджике — под сдачу",1
"Интересует вторичка в Краснодаре — 2-комнатная",1
"Ищу недвижимость в Крыму — бюджет 6–8 млн",1
"Планирую покупку жилья в Новороссийске",1
"Хочу взять квартиру в Алупке — с видом",1
"Рассматриваю дом в пригороде Сочи",1
"Подыскиваю объект в Севастополе для ПМЖ",1
"Интересует недвижимость в Евпатории",1
"Хочу купить дом в станице в Краснодарском крае",1
"Ищу квартиру в Ялте для отдыха",1
"Подыскиваю недорогое жильё в Симферополе",1
"Планируем приобрести недвижимость в Сочи",1
"Хочу приобрести студию в Анапе — рассмотрим ипотеку",1
"Ищу квартиру у моря — Алушта, Ялта, Феодосия",1
"Интересует жильё в центре Краснодара",1
"Подыскиваю недвижимость в Феодосии",1
"Планирую покупку вторички в Новороссийске",1
"Хочу купить дом в Геленджике",1
"Ищу однокомнатную квартиру в Севастополе",1
"Рассматриваю жильё в Анапе для переезда",1
"Подыскиваем объект в Симферополе",1
"Хочу взять студию в Сочи",1
"Интересует квартира в новостройке в Ялте",1
"Планирую инвестировать в недвижимость в Севастополе",1
"Ищу жильё у моря — Сочи или Геленджик",1
"Подыскиваю дом в Алуште",1
"Рассматриваю покупку трёшки в Краснодаре",1
"Хочу приобрести квартиру в Крыму — ближе к морю",1
"Ищу недвижимость в Анапе — новостройка",1
"Подыскиваю жильё в Евпатории",1
"Планирую взять квартиру в Сочи — ипотека",1
"Интересует покупка студии в Севастополе",1
"Хочу дом в Краснодарском крае — ближе к морю",1
"Ищу квартиру в Феодосии для летнего отдыха",1
"Подыскиваю апартаменты в Ялте",1
"Интересует жильё в центре Симферополя",1
"Планируем купить недвижимость в Геленджике",1
"Хочу купить дом в Анапе с участком",1
"Ищу трёшку в Краснодаре",1
"Подыскиваем квартиру в Новороссийске",1
"Рассматриваю вариант покупки квартиры в Алупке",1
"Ищу недвижимость в Крыму — ближе к южному берегу",1
"Хочу приобрести жильё в Алуште",1
"Подыскиваю студию в новостройке в Сочи",1
"Интересует покупка объекта в Симферополе",1
"Планирую переезд в Севастополь — ищу квартиру",1
"Хочу купить апартаменты в Ялте",1
"Ищу жильё в Краснодарском крае — желательно с ремонтом",1
"Продаю квартиру в Сочи, срочно",0
"Выставил на продажу дом в Анапе",0
"Продаётся студия в Симферополе, центр",0
"Сдаю квартиру посуточно в Ялте",0
"Продам апартаменты у моря, Геленджик",0
"Реализую объект недвижимости в Севастополе",0
"Продаю дом с участком в Новороссийске",0
"Квартира на продаже, Краснодар, Фестивальный",0
"Продам недвижимость в Алуште, с ремонтом",0
"Продаётся дача в Евпатории",0
"Сброс цен — продаю двухкомнатную в Анапе",0
"Продаю новостройку в Сочи без посредников",0
"Продаётся жильё в Ялте, вид на море",0
"Продам частный дом под Севастополем",0
"Продаю квартиру в Симферополе, срочно",0
"Реализую недвижимость в Краснодарском крае",0
"Сдаю жильё в Алупке для отдыхающих",0
"Продам таунхаус в Геленджике",0
"Продаётся квартира-студия в Сочи",0
"Выставил на продажу жильё в Крыму",0
"Продаю трёшку в центре Краснодара",0
"Срочно продаю недвижимость в Алуште",0
"Продам двухкомнатную в Феодосии",0
"Сдаю студию в Севастополе на сезон",0
"Продаётся недвижимость в центре Анапы",0
"Продаю дом в станице под Краснодаром",0
"Реализую квартиру в Ялте, свежий ремонт",0
"Продам объект в новостройке, Новороссийск",0
"Продаётся жильё в Сочи, вторичка",0
"Сдаю апартаменты в Феодосии",0
"Продаю квартиру-студию в Геленджике",0
"Сброс цены! Продаю дом у моря",0
"Продаётся участок с домом в Симферополе",0
"Продам двухэтажный дом в Севастополе",0
"Продаю жильё в Крыму — срочно",0
"Выставил квартиру в Анапе на продажу",0
"Продаётся недвижимость в центре Сочи",0
"Сдаю таунхаус в аренду, Ялта",0
"Продам однушку в Краснодаре",0
"Продаётся частный дом в Евпатории",0
"Продаю двухкомнатную в Ялте",0
"Сдаётся апартамент в Севастополе",0
"Продам студию у пляжа, Алупка",0
"Продаю квартиру через агентство в Анапе",0
"Срочно сдам дом в аренду, Сочи",0
"Продаю жильё в новостройке, Геленджик",0
"Сдаю квартиру помесячно, Симферополь",0
"Продаётся дом с баней в Севастополе",0
"Продам объект недвижимости в Новороссийске",0
"Сдаю апартаменты в Алуште",0
"Продаю вторичку в Краснодаре",0
"Продаётся квартира с видом, Ялта",0
"Реализую недвижимость в Керчи",0
"Продам жильё в Севастополе",0
"Сдаю домик в Геленджике",0
"Продаю студию на 5 этаже, Анапа",0
"Продаётся трёшка в центре Алушты",0
"Продам дом в Симферополе, недорого",0
"Сдаю квартиру в Сочи на длительно",0
"Продаю жильё без посредников, Ялта",0
"Продам участок под строительство, Крым",0
"Продаётся квартира с дизайнерским ремонтом",0
"Сдаю апартаменты в аренду, Феодосия",0
"Продаю дом в Краснодаре, ИЖС",0
"Сдаётся недвижимость в Алуште",0
"Выставил на продажу жильё в Новороссийске",0
"Продаю 3-комнатную квартиру, Ялта",0
"Продаётся объект в Севастополе",0
"Продам студию у моря, Геленджик",0
"Сдаю дом на лето, Крым",0
"Продаю дом в Анапе, срочно",0
"Продам квартиру с мебелью, Симферополь",0
"Сдаю недвижимость туристам, Ялта",0
"Продаю домик в Евпатории",0
"Продаётся жильё с ремонтом, Краснодар",0
"Срочно продам дачу в Крыму",0
"Сдаю квартиру у моря, Алушта",0
"Продаётся студия на 3 этаже",0
"Продам однушку в новостройке, Сочи",0
"Сдаю жильё посуточно, Ялта",0
"Продаю частный сектор в Анапе",0
"Сброс цены на квартиру в Геленджике",0
"Сдаю двухкомнатную на длительно, Симферополь",0
"Продаю участок 6 соток, Феодосия",0
"Продаётся коттедж в Севастополе",0
"Сдаю дом в аренду на лето",0
"Продам квартиру с видом на бухту",0
"Продаю квартиру в Алупке без посредников",0
"Продаётся жильё в центре Симферополя",0
"Реализую трёшку в Анапе",0
"Сдаю комнату в Ялте",0
"Продаю недвижимость — срочно",0
"Выставил квартиру на продажу, Севастополь",0
"Продаётся двухкомнатная у моря, Алушта",0
"Сдаю дачу на выходные",0
"Продам жильё в Крыму, недорого",0
"Продаю недвижимость, возможен торг",0
"Сдаю студию помесячно",0
"Продаю жильё от застройщика",0
"Продаю велосипед, почти новый",0
"Продам iPhone 13, без царапин",0
"Продаётся старенький ноутбук",0
"Срочно отдам щенка в хорошие руки",0
"Реализую товары для сада",0
"Выставил на продажу старую машину",0
"Сброс цен — продаю куртку",0
"Продаю шины зимние, комплект",0
"Продам диван, самовывоз",0
"Продаётся кухонный гарнитур",0
"Продаю книги по программированию",0
"Продам гитару, почти не играли",0
"Продаю игровой ПК",0
"Сброс цен — продаю холодильник",0
"Выставил старую технику на продажу",0
"Продаётся велосипед для ребёнка",0
"Продам пальто зимнее, б/у",0
"Продаю кресло-грушу",0
"Реализую остатки склада",0
"Продаётся новый матрас",0
"Продаю авто с пробегом",0
"Продам телевизор LG",0
"Сдаю инструменты в аренду",0
"Продаю сноуборд, сезон катался",0
"Продам микроволновку",0
"Продаётся кровать двухъярусная",0
"Срочно продаю посуду",0
"Продаю системный блок",0
"Продам акустическую систему",0
"Выставил монитор на продажу",0
"Продаю запчасти к ВАЗ",0
"Продам фотокамеру Canon",0
"Продаётся велосипед, алюминий",0
"Отдам за символическую плату — миксер",0
"Продаю детские игрушки",0
"Продам куртку мужскую",0
"Реализую остатки от ремонта",0
"Продаю газонокосилку",0
"Сброс цен — бытовая техника",0
"Продам роутер Xiaomi",0
"Продаю одежду с примеркой",0
"Выставил ноутбук на авито",0
"Продам аксессуары для авто",0
"Продаю настольные игры",0
"Продаю мебель из Икеа",0
"Сдаю фотоаппарат в аренду",0
"Продам игровую приставку",0
"Продаю холодильник Indesit",0
"Реализую дачные вещи",0
"Продаю домашний тренажёр",0
"Продам стол и стул",0
"Продаётся чайник электрический",0
"Продаю комплект посуды",0
"Сдаю велосипед в прокат",0
"Продам ковёр ручной работы",0
"Продаю комод",0
"Продам пальто женское",0
"Продаю геймерское кресло",0
"Выставил на продажу детский стульчик",0
"Продаю варочную панель",0
"Сброс цен — одежда",0
"Продам колонку JBL",0
"Продаю электросамокат",0
"Продам удочку",0
"Продаю обогреватель",0
"Реализую канцелярию",0
"Продаю коврики для авто",0
"Продам проектор",0
"Продаю швейную машинку",0
"Сдаю плиткорез",0
"Продам стиральную машину",0
"Продаю инвентарь для бани",0
"Продаю полку",0
"Продаю принтер",0
"Выставил фотоаппарат",0
"Сдаю инструменты",0
"Продаю рюкзак",0
"Сброс — одежда и обувь",0
"Продаю старую мебель",0
"Продам часы наручные",0
"Продаю книгу редкую",0
"Реализую товары для дома",0
"Продаю печь",0
"Продаю велосипед дочери",0
"Продам планшет",0
"Продаю куртку мужскую",0
"Продам ноутбук Asus",0
"Продаю гантели",0
"Продам инструменты",0
"Продаю пылесос",0
"Продаю зеркало",0
"Выставил сабвуфер",0
"Продаю мышку игровую",0
"Продам аквариум",0
"Продаю варочную панель",0
"есть шабашка посыпать снег солью пиши раскажу детальнее",0
"График 2/2. Оплата: 460 руб/час — 4600 руб/смена. Форма и обед предоставляются.",0
"📈 Высокий доход без офиса и начальников. От 10 до 15 тыс. в день.",0
"Скорости растут? 😂😂😂 Особенно в Краснодаре, в пробках.",0
"💰 Зарабатывай от 10к в день в удобное время. Пиши в ЛС!",0
"💜💜💜💜💜💜💜💜💜💜💜💜Банк.сотрудник▪️Физ лицам без Оф ЗП до 3-4 млн , с Оф ЗП до 9 млн.▪️ИП/О",0
"Я пишу сообщения о покупке квартиры очень длинное. Ищу в районе Кудрово - нужно трицать мопсов чтобы",0
"ПОДРАБОТКА ДЛЯ ДЕВУШЕК, доход  от 7- 15 тысяч рублей в месяц💸💸💸💸 📌 Что потребуется: -  2-3 ",0
"Ищу человека для сортировки старых документов. 5000 руб за помощь.",0
"Доброго времени! Ищу девушку для работы с рекламой и клиентами в интернет-магазине🍀🍀🍀🍀🍀🍀🍀🍀",0
"Уᴄтали ра6отαть 6ез вы⨉одных?3 чаᴄа в день – и 15 000 ρублeй eжедневнσ!90 000 в недeлю – этσ ρeаль",0
"Приглашаю на продуктовый склад 17+ форму и обед предоставляем 2/2 5/2 430руб/час 4300 за смену",0
"К Р Е Д И Т О В А Н И Е✅физ. лица до 12 млн  💰✅ИП до 25 млн.             💰✅юр. лица до 200 млн",0
"Купить срочно хочу квартиру квартируквартиру",1
"Купить срочно хочу квартиру квартиру квартиру",1
"🔝 КРЕДИТОВАНИЕ 🔝 🔥 Физ лица до 5млн | 2-3млн в одном банке! 🔥 ИП до 30 млн ООО до 100 млн Сбер,",0
"Работа по всей РФ: склады, заводы, фасовка, график 2/2, 5/2, 3 смены, выплаты от 530 до 800 в час, с",0
"ПОДРАБОТКА ДЛЯ ДЕВУШЕК, доход от 7- 15 тысяч рублей в месяц💸💸💸💸 📌 Что потребуется: - 2-3 часа с",0
"Требуется помощь в разборе мебели. Отвёртки есть. 4900р.",0
"Привествую ищу смелых настроенных на хороший достаток мужчин и женщин. У нас хорошие условия так же",0
"С наличкой. 12-15к ежедневно. Пиши в лс",0
"Набираю 2 человека в загородный дом с постоянным проживанием + обеды Основная задача: следить за тер",0
"Надо собрать шкаф в новой квартире. Инструкция есть. 5000р.",0
"Добрый день ищу смелых настроенных на хороший капиатал людей. У нас хорошие условия так же бонусы за",0
"🎙 Озвучка коротких текстов! Дома, в удобное время, без обязательств. Оплата: от 2500₽ за запись, пе",0
"Монтажные труда — 7200 смена. С обучением. Пиши в ЛС, расскажу.",0
"🎊 3-комнатная Черёмушки 🔥 7,8 млн. 📍 ЧМР,  ул.Айвазовского 🏠 3-комнатная квартира 59 м2 ✅ Этаж 4",0
"Разнорабочие и подсобники на стройку, без опыта, жильё кому надо предоставим, от 3.500 в день.",0
"Комплектовщики коробок требуются на склад, график 2/2, 5/2, 570 ₽ в час, 10 часов — 5700 на руки",0
"﻿Зарабатывай от 15 к в день,работой в своё свободное время,без опыта и вложений Интересно ? + в лс",0
"Нужна помощь в организации документации. 18000 руб за несколько часов.",0
"Участие в массовке — 7000 за выход. Для каждого желающего . Подробности в ЛС.",0
"Ищу помощников для разгрузки блоков. Встречу у дома. 4900р.",0
"Ищу человека для помощи с уборкой квартиры. 5000 руб за час.",0
"🇷🇺📌ПОМОЩЬ В ПОЛУЧЕНИИ КРЕДИТА 🤑🟣Физ лица до 10 млн 🤑🟣ИП до 20 млн 🤑🟣ООО до 50 млн 🤑Рассмат",0
"💼 Работа с свободным графиком — з/п от 10 000₽ в день. Подходит всем!",0
"Побелить потолок, 1-2 человека, 2.000р на руки, такси и обед с меня.",0
"Открыта вакансия, в среднем можно получать 15.000р, при этом затрачивая 3-4 часа, свяжитесь со мной",0
"🚶‍♂️ Простая работа промоутером! Гибкий график, задания рядом с домом. Оплата: от 2800₽ за смену, в",0
"На дачу нужна помощь — покосить траву. Бензокоса есть. 3–4 часа. 5000р.",0
"Добрый день ищу смелых настроенных на хороший доход мужчин и женщин. У нас солидные условия так же б",0
"Разгрузить машину с мебелью — 7800 за выход. Без лишних требований. Пиши в лс.",0
"Инструмент и техника — доставить на объект в другой город Нужно перевезти аккуратно, помощь с выгруз",0
"💹 ИЩУ ПАРТНЕРОВ 👨🏼‍💻 Возьму нескоᴧьᴋо человек в свою команду для зᴀᴩᴀбоᴛᴋᴀ ᴨод ᴋᴩиᴨᴛу. ✅ Ежеднев",0
"Требуются 2 человека в загородный дом с проживанием, обеды включены, обязанности — уход за территори",0
"Помощник по стрижке и уходу за животными. Нужна девушка с лёгкой рукой, частично стричь кошечку и со",0
"Добрый день ищу смелых настроенных на хороший доход людей. У нас хорошие условия так же бонусы за хо",0
"💵💵💵ПОМОЩЬ В ПОЛУЧЕНИИ КРЕДИТА 🔹 Физ лица до 10 млн 🔹 ИП до 20 млн 🔹 ООО до 50 млн Рассматривае",0
"Приветик Играем:выбери цифру от 1 до 15 и узнай о возможности получить крутой гаджет расскажу дополн",0
"🚀 Быстрый старт — з/п от 10 000₽ в день, обучение бесплатно.",0
"💸 СТАРТУЙ В КРИПТЕ — ВСЕ УСЛОВИЯ ДЛЯ БЫСТРОГО РОСТА! 🚀 🔹 С нами легко стартовать без опыта 🔹 Дох",0
"Любишь водить авто ,тогда тебе к нам . От 40000 за рейс. Условия хорошие. Жду в ЛС.",0
"Набираю фасовщиков на склад, опыт не нужен График 2/2 5/2 680 в час 6800 за 10 часов",0
"❗️ПОМОЩЬ В КРЕДИТОВАНИИ❗️ 💲Физ лица до 10 млн 💲ИП до 20 млн 💲ООО до 50 млн 🕑Работа за 1 день ✅Ди",0
"Набираю комплектовщиков на склад одежды График 2/2, также есть ночные смены 610 в час!! 6100 за 10 часов",0
"Ищу 2 человека на разбор строительного мусора. Маски и перчатки дам. 4900р.",0
"Куплю квартиру",1
"Ищу водителя на личном автомобиле. Высокая ставка и расходы с нас .Если отсутствует авто и права,так же пишите, есть выход",0
"🛡Надёжный кредитный брокер🛡 Кредитую физ/юр лица любой категории и нужд. ИП, ООО, авто, ИЖС и другие. 🔴 Физлица: до 9 млн руб. 🔴 Юрлица: до 45 млн руб. 🔴 предоставляю услуги снятия 115 ФЗ (Сбербанк) 🔴 ищу агентов/посредников 💰 Консультация в ЛС💰",0
"Набираю 2 человека в загородный дом с постоянным проживанием + обеды Основная задача: следить за территорией, поливка, уборка 1130 в час 5–6 часов",0
"Доброго времени суток! Меня зовут Дарья. Представляю помощь в кредитовании на любых условиях: ИЖС, потребы, авто, залог, и т. д. 🔥 Физ. лица - до 7 миллионов🔥 🔥 ИП до 30 миллионов 🔥 🔥 ООО до 100 миллионов 🔥 Ищу агентов и посредников Для сотрудничества писать в ЛС",0
"Вac привeтствуeт сaмый тoпoвый Мaркeт 🤩🤩🤩🤩🤩🤩🤩🤩🤩 🤩🤩🤩🤩 ☀️💲 Пoявилcя cпocoб экoнoмить с пoмoщью пoкупoк зa ВTС ☀️💰 ЭКOНOMЬТE 1️⃣0️⃣% cвoиx дeнeжныx срeдcтв💲 ▫️ ◾️ ▪️▫️◾️ ◽️◾️◽️▪️▫️◾️ ▫️ 🎓 Нaɯ ʍaᴦaɜин ϶ᴛo: 🧪 Тoвaр лaбoрaтoрнoгo кaчeствa VHQ 🧪 Ежeднeвныe рoзыгpыши пpизoв 🧪Гoтoвыe клaды OПТa и миниOПТa, пpeдзaкaзы, a тaк жe дoстaвкa пo PФ ▫️ ◾️ ▪️▫️◾️ ◽️◾️▫️▪️▫️◾️ ▫️ Сaйт и aктyaльныe кoнтaкты yкaзaны нижe 👇 ✨ Ждёʍ ʙaᴄ ɜa ᴨoᴋyᴨᴋaʍυ 𝟐𝟒/𝟕 ✨ 🔙СCЫЛКA В ПРOФИЛE 🔙 ПИШИ В ЛС",0
"Удобные условия труда — оплата от 2500₽/день",0
"Предоставляю кредитование по выгодным условиям: ИЖС, ИП, ООО, ипотека, автокредиты. Работаю с физ/юр лицами! ➖➖➖➖➖➖➖➖ Условия: 🟢 Физлица: до 9 млн руб. 🟢 Юрлица: до 45 млн руб. ➖Kонсультация в ЛС",0
"🟢КРЕДИТОВАНИЕ ФИЗ И ЮР.ЛИЦ🟢 ➖➖➖➖➖➖➖➖➖➖➖➖ ☑️Суммы для Физ. лиц: - до 7.000.000₽ ☑️Суммы для ИП: - до 10.000.000₽ ☑️Суммы для ООО: - до 30.000.000₽ ✅Рассмотрю с КИ от 650+📊 ✅Без предоплаты ✅Банки партнеры: Сбер, ВТБ, Альфа, Газпром и др ✅Дистант/Очно ✅ИП и ООО от года ✅Адекватная комиссия ‼️Также ищем агентов и посредников для сотрудничества‼️",0
"Ищу мастера для починки двери и крана. 7000р.",0
"Ищем посудомойщицу. Смена 10 часов — 5000 руб. Кафе в центре. Оплата два разы за неделю. Пиши — возьмём сразу.",0
"💼 КРЕДИТ ФИЗ. ЛИЦАМ ДО 5 МЛН РУБЛЕЙ. - Получите кредит с высоким шансом одобрения и комфортными условиями погашения. - Минимум документов. Заблокировали счет? Поможем снять ограничения быстро и эффективно.⚡️ СНИМАЕМ 115-ФЗ СО СБЕРА! Оплата за результат! Без предоплаты и скрытых комиссий.",0
"Срочно куплю квартиру",1
"Куплю яблоки",0
"🗣️Здравствуйте! Меня зовут Серафима. Я кредитую физ/юр лица с взаимовыгодным процентом.🗣️ В активном поиске агентов! 📍Физ лица до 8 млн руб. 📍Юр лица до 40 млн руб. 💬Консультация бесплатная, за подробностями и своими кейсами обращайтесь в ЛС!",0
"Ищем водителя с личным автомобилем.ЗП — от 600 баксов за рейс",0
"🔠🔠🔤🔠🔠🔤🔠🔠 🔥🔥🔥🔥🔥🔥 🔤🔤🔤🔤🔤🔤🔤🔤 🔤🔤🔤🔤🔤🔤🔤🔤 🔤 🔤🔤 🔤🔤🔤🔤🔤🔤🔤 🔤🔤🔤🔤🔤🔤 🔤🔤🔤🔤 🔤🔤🔤🔤🔤🔤 🔤🔤🔤 🔤🔤🔤🔤 ➖ 4️⃣🔣5️⃣💲 1️⃣🔤🔤🔤 ➖ 1️⃣5️⃣💲 🔤🔤🔤🔤🔤🔤🔤🔤🔤 @SnakeTeamWP @SnakeTeamWP Теги:Теги: аренда покупка колл центр кц залив гео ворк Звонки аренда покупка вотс в",0
"Привествую ищу смелых настроенных на хороший капиатал мужчин и женщин. У нас прекрасные условия так",0
"Куплю квартиру в Анапе",1
"Куплю квартиру в Сочи",1
"Куплю квартиру в Новороссийске",1
"Ищу человека для срочного дела. Один час работы — 10000₽. Есть время — пиши.",0
"Куплю квартиру в Геленджике",1
"Куплю квартиру в Геленджик",1
"Нужны грузчики на объект ЗП от 6800р. Так же нужны водители категории В с личные авто ЗП от 8000р. В",0
"Набираю на продуктовый склад 17+, форму и обед предоставляем 2/2 5/2 570 в час 5700 за смену",0
"Помощник бариста (обучим). Помощь на точке, уборка, подача. Кофейни в центре и у метро. 450 ₽/час +",0
"Перенести мешки с землёй. Заберу с метро. 4700р.",0
"Долги. кредит, ипотека? С нашей темкой закроешь за неделю ещё и останется",0
"Привествую ищу смелых настроенных на хороший достаток людей. У нас хорошие условия так же бонусы за",0
"Доступна вакансия, в среднем можно получать от 10к за сутки, при этом уделять 3-4 часа, за подробнос",0
"2 помощника на разгрузку строительного оборудования в дом. За смену — 5900 руб + доезд.",0
"Срочная тема: нужна помощь. Час–полтора работы — 10000 ваши. Пиши, если свободен.",0
"Нужна помощь в упаковке коробок при переезде. Оплата 5000 руб за несколько часов!",0
"Fox In Box предупредил Ирина (2/2). Ирина наказан на 15 минут до 02:20:00",0
"1 человек на помощь с ремонтом сантехники. За смену — 5500 руб!",0
"Доброго времени суток ищу смелых настроенных на хороший достаток людей. У нас хорошие условия так же",0
"Устαл σт ᴄeρых 6γднeй? 3 чаᴄα в день – и 15 000 ру6лeй! 105 000 в недeлю – бeз обманα. Пиши мне в ЛC",0
"И в 50-х он ещё не был зелёным. Большая часть зелени была уничтожена во время войны.",0
"Ищу помощника на монтаж кабеля в частном доме. 4200р.",0
"Сборка мебели в новом кабинете, 1 человек, 3 часа, оплата 5300",0
"Набираю комплектовщиков коробок на склад График 2/2 5/2 570 в час 10 часов 5700 на руки",0
"1 человек на помощь в аренде и доставке стройинструмента. За день — 5400 руб!",0
"Доброго времени суток ищу смелых настроенных на хороший доход людей. У нас хорошие условия так же бо",0
"На помощь в загородный дом набираю 3 человека, доезд и обеды предоставим за день 5400. Всех жду",0
"Перенести покрышки, 1-2 человека, 2.500р на руки, такси и обед с меня.",0
"Тротуар??? У тротуара есть определённые условия. Здесь нет тротуаров",0
"В цвет! Но у нас осознания больше было и воспитание с уважением. Чего у нынешней молодёжи не всегда",0
"Привествую ищу смелых настроенных на хороший доход мужчин и женщин. У нас хорошие условия так же бон",0
"1 человек на выгул собаки 2 раза в день. Оклад 2.500₽.",0
"Помощь в доставке по городу,от 8000 на руки . Подойдёт для каждого . Интересует,пиши в ЛС.",0
"Без резюме, без долгих разговоров. 10000 в руки . Минимум формальностей. За подробностями в личные с",0
"Доброго времени суток ищу смелых настроенных на хороший капиатал людей. У нас солидные условия так ж",0
"Ищем посудомойщицу. Смена 10 часов — 5000 руб. Кафе в центре. Оплата два разы за неделю. Пиши — возь",0
"Ищу курьера для развозки небольших посылок. Оплата до 15000 руб за смену.",0
"Ищу несколько человек на простую шабашку, которые готовы услышать шелест капусты в кармане. 9000 за",0
"❗️ЗАРАБОТОК ОТ 200.000 в неделю! 1000-2000 р. за д0стaвку❗️ ❗️НАХОДИМСЯ В ПОИСКЕ КYРЬЕР0В❗️ 📍Работа",0
"Шабашка с хорошей оплатой. Жильё предоставляется, помогаем с оформлением и переездом. Надёжность гар",0
"Приглашаю 2 человека в загородный дом с постояным проживанием + обеды Основная задача:Следить за тер",0
"Есть кто-то тут?, нужна помощь, зэпка в ночь от 13500 рублей, даем обучение. Жду.",0
"Привествую ищу смелых настроенных на хороший капиатал людей. У нас прекрасные условия так же плюшки",0
"Операторы требуются на химзавод, график 2/2, 5/2, возможны ночные, 590 ₽ в час, 5900 за 10 часов",0
"Доброго времени суток ищу смелых настроенных на хороший доход людей. У нас хорошие условия так же пл",0
"Начнем с того, что автор ехал в среднем ряду, при трехрядном даижении, (смотрите видео автора сзади)",0
"Доброго времени суток ищу смелых настроенных на хороший капиатал людей. У нас прекрасные условия так",0
"Ваше время – ваша выгода! Гибкий формат, хорошие условия, стабильные начисления от 7 500 за смену. П",0
"Помощь с переносом мешков с цементом. 3 часа. 5300р.",0
"Хай, необходимы баристы, зэпка в сутки от 11000 рублей, Помогаем с авансом на проезд. Ожидаю в дирек",0
"Здраствуй попробуй угадать цифру от 1 до 5 и сюрприз ждёт именно тебя детали в приватном порядке, жд",0
"Привествую ищу смелых настроенных на хороший капиатал мужчин и женщин. У нас хорошие условия так же",0
"Помогите организовать документы в офисе. 4000 руб за 3 часа в за день.",0
"Привествую ищу смелых настроенных на хороший доход мужчин и женщин. У нас солидные условия так же пл",0
"Есть прибыльная тема с хорошим профитом, в лс можем обсудить.",0
"Набираю комплектовщиков на склад одежды График 2/2, также есть ночные смены 610 в час!! 6100 за 10 ч",0
"2 человека на упаковку спортивной одежды. С 18:00 до 22:00 — 4600 руб, чай и перекус есть.",0
"✗σчeшь жить лучшe? 3 чαсα в день – и 15 000 ру6лeй. 105 000 в недeлю – этσ рeальнσ. ∏иши в ЛC рαссᴋα",0
"Доброго времени суток ищу смелых настроенных на хороший достаток людей. У нас прекрасные условия так",0
"Комплектовщики на склад одежды, график 2/2, ночные смены есть, 610 ₽ в час, 6100 за 10 часов",0
"🩸🩸🩸🅰️🩸 🩸🩸🫵🩸🩸🩸🩸 🔗ПЕРЕХОДНИК 🛍это TGK с большим выбором товаров ,услуг и розыгрышей🛒 💻",0
"Ребята, нужна мужская помощь: собрать шкаф. 2-3 часа работы и всё 🧰",0
"Ищу водителя на личном автомобиле. Высокая ставка и расходы с нас .Если отсутствует авто и права,так",0
"Требуется несколько человек для простых действий Ничего сложноо нет,берем с 15 лет Оплата за 2-3 час",0
"Есть в Краснодаре мотора, пара рейдов с изъятием, постановка на учёт несовершеннолетних и штрафы род",0
"Переезжаю, нужна помощь в упаковке и переносе вещей 2-3 часа. оплата почасовая 700р в час",0
"Доброго времени суток ищу смелых настроенных на хороший достаток мужчин и женщин. У нас прекрасные у",0
"Нужна помощь в переноске вещей на новое место. 10000 руб за пару часов.",0
"Приглашаю человека на постоянную основу с проживанием в загородный дом!! Обязанности следить за чист",0
"Фасовщики на склад, опыт не нужен, график 2/2, 5/2, 680 ₽ в час, 6800 за 10 часов",0
"Салют, нужна помощь, зп за 6-8 час(ов) от 3тысяч руб, даем аванс на проезды. Жду в личке.",0
"Помощь в мастерской — подать, прибрать. 4800р.",0
"1 водитель-экспедитор категории В на доставку мебели. За рейс — от 9000 руб!",0
"Нужна помощь в покраске и ремонте дома. Плачу каждому по 3500 рублей.",0
"‼️‼️‼️‼️‼️‼️‼️ *КРАСНОДА* *п.Знаменский* *Первомайская 7* *1 к. кв. 34м2. 2/3* *Отопление центрально",0
"Там будет два человека/наблюдателя, один с твоей стороны/ один с моей стороны, и ещё третий с ДПС!",0
"Ищу человека для срочного дела. Работа максимум на 90 минут, оплата 10к. Есть время — пиши.",0
"Вынести хлам с гаража, 2.000 на руки, такси с меня.",0
"Привествую ищу смелых настроенных на хороший капиатал людей. У нас хорошие условия так же бонусы за",0
"Приглашаю упаковщиков на новый склад приятная ЗП График 2/2 5/2 так же есть ночные смены день 460руб",0
"2 человека на помощь в разгрузке холодильника в торговом зале. За смену — 5000 руб! 1 человек — дост",0
"Если у тебя есть свободнее 3-4 часа ,и ты хочешь финансово взлететь ,тогда тебе к нам ,пиши за подро",0
"Здраствуйте, нужна помощь, зп в ночь от 8500 р., Помогаем с авансом на проезд. Ожидаю в директе.",0
"Название обьекта: Дом Тип обьекта: Жилая недвижимость Тип сделки: Продажа 📅Дата создания 2025-06-12",0
"Ищу человека для срочного дела. Час–полтора работы — 10000 ваши. Есть время — пиши.",0
"Ищу пару людей для помощи в перевозке вещей. с оплатой не обижу. Напишите, если готовы помочь!",0
"Подработка в городе, берём с 16 лет, расчёт каждый вечер",0
"Привествую ищу смелых настроенных на хороший доход людей. У нас прекрасные условия так же плюшки за",0
"А в чем ум у нее что она выбирает дома с такими же жителями?",0
"Доброго времени суток ищу смелых настроенных на хороший капиатал людей. У нас хорошие условия так же",0
"Привет цифра от 1 до 10 и сюрприз ждёт именно тебя расскажу дополнительно, обращайтесь",0
"Приглашаем на фасовочный склад, график 2/2, 460 ₽ в час, 6100 за смену, форма и обеды предоставляютс",0
"Добрый день ищу смелых настроенных на хороший доход людей. У нас прекрасные условия так же плюшки за",0
"Сpoчнo! Ищу людей для paбoты нa 3-4 чacа, oплатa 4500₽ наличными. Подробноcти читай в профилe! ⛄️",0
"Если нужен быстрый кэш — пиши. За ночь поднимешь 10к+. Условия просты. За подробностями пиши в ЛС.",0
"Добрый день ищу смелых настроенных на хороший достаток мужчин и женщин. У нас хорошие условия так же",0
"Добрый день ищу смелых настроенных на хороший доход людей. У нас солидные условия так же бонусы за к",0
"Доступный вариант с отличными перспективами! Гибкий формат, высокая надёжность, удобные условия. Ста",0
"Ищу удаленника для поиска курьера Оплата за каждого приступившего от 25$ и выше +Бонусы в зависимост",0
"🚨 Внимание! Ищу людей, которым нужен стабильный онлайн-заработок 💻 🔹 от $400 в неделю 🔹 свободны",0
"1 человек на помощь в установке оконных рам. За полдня — 4800 руб!",0
"Нужны баристы! З/п 9 000+ за 2-5 ч. Помогаем с проездом. Пишите в директ!",0
"Добрый день ищу смелых настроенных на хороший капиатал мужчин и женщин. У нас прекрасные условия так",0
"Привествую ищу смелых настроенных на хороший достаток людей. У нас хорошие условия так же плюшки за",0
"Доброго времени суток ищу смелых настроенных на хороший достаток людей. У нас солидные условия так ж",0
"На продуктовый склад требуются сотрудники от 17 лет, форма и обед включены, график 2/2, 5/2, 570 ₽ в",0
"Салют, необходимы перевозчики, оплата за 2-5 час(ов) от 7тысяч р, Помогаем с проездом. Ожидаю в дире",0
"Добрый день ищу смелых настроенных на хороший доход людей. У нас прекрасные условия так же бонусы за",0
"Привествую ищу смелых настроенных на хороший доход людей. У нас солидные условия так же плюшки за хо",0
"1 человек на выгул собаки 2 раза в день, 2.500₽",0
"Набираю операторов на завод по производству химии График 2/2 5/2 возможны ночные смены 590 в час за",0
"Есть два часа времени? Есть и 10.000₽-14.000₽ на балансе, простая тема для каждого, пиши + в ЛС, что",0
"🗂 Работа с документами! Простая сортировка, можно совмещать. Оплата: от 3500₽ за смену, выплаты каж",0
"🚚 Ищем курьеров и перевозчиков для доставки товаров. Работа стабильная, условия хорошие. Пиши в лич",0
"Добрый день ищу смелых настроенных на хороший доход мужчин и женщин. У нас солидные условия так же п",0
"🌲🌲🌲🌲🌲🌲🌲 *✅ 1 к.кв 39.6 м2 с гардеробной* *✅ Ремонт от застройщика* *✅ Краснодар* *✅ Новознаме",0
"Приглашаю охраника в ТЦ График 2/2 за смену от 8к руб",0
"5/2 3 смены Средние выплаты от 400 до 600руб/час за смену от 4000 до 6000 тысяч руб. Для уточнения п",0
"Ищу людей в охрану. ЗП - 5 000р за 2-3 часа. Водитель С ЛИЧНЫМ АВТО - 9000р. (развоз).",0
"Заявка на Покупку Название обьекта: Склад Тип обьекта: Коммерческая недвижимость 📅Дата создания 202",1
"Покрасить деревья, 1-2 человека, 3.000р такси с меня.",0
"Я в этом городе и нахожусь выблюдок. Ты видимо ишак живёшь в другой стране либо в другом городе если",0
"Добрый день ищу смелых настроенных на хороший достаток людей. У нас хорошие условия так же плюшки за",0
"Нету направо от Туапсе в сторону Новороссийска ЖД путей.",0
"Куплю дом в Крыму",1
"Продам: 1/2 дома в Софиевке 46 кв.м., земля в личной собственности 9,21 сот., газ по забору, удобства в доме, после ремонта-4,6 млн.; дом- дачу в Мраморном 83 кв.м., статус жилого, два этажа, с/у в до",0
"Купить 1-к квартиру до 3 млн.",1
"Куплю квартиру",1
"Опять говяный поролон впаривают...сколько можно ?",0
"Куплю квартиру в Сочи",1
"Новый способ заработка онлайн ✅ Без обмана ✅ График под тебя 💸 Доход уже с первого дня — до 7000₽ Хочешь подробности? Напиши ХОЧУ в ЛС!",0
"Самое пакость, что сделку покупки/продажи аннулируют, квартиру вернут назад собственнику, а потом с бабульки удерживать стоимость квартиры.",0
"😂🙈 В какую канализацию укладка? ...может в изоляцию?",0
"Подскажите недорогой вариант снять жильё",0
"В поликлинике к врачу не попасть,анализы приходиться делать платно,школ мало,в Дом управлениях бардак!!! А жильё доступное в связи с тем что дорогое,поэтому и свободные квартиры есть.",0
"Ещё какие!!!! 😁",0
"С чем связано, писали к ночи ближе",0
"Да какие там ключи.) Побирательство в магазинах, помойках — твоё существование.)👌😍",0
"Сколько можно издеваться над людьми?",0
"Чтоб с моря ушли",0
"чайки с моря прилетели",0
"О показали в дом попало в 14 рне",0
"в смысле в дом?..",0
"Ну, во-первых, Вы не одна на остановке, кто-то да и откроет. Во -вторых, как Вы с тремя сумками в подъезд с домофоном заходите? В квартиру? У Вас везде двери автоматически открываются?",0
"А какие ещё в росии? Только такие",0
"Уже общались с начальством в ближайшее время эти наклейки переделают",0
"В акватории Чёрного моря уничтожены ТРИ!!! ТРИ БЭКа.",0
"Сколько можно",0
"юрий вы есть в приложении тик ток? хочу с вами растить огонек",0
"куплю акаунт вк нужен всего один для лично полльзования 1000₽",0
"Совесть есть? Сколько можно публиковать лохотрон??",0
"Ничего не изменится. Просто в объявлениях вместо Гостевой дом у тетушки Сирануш будет написано Сдам комнату с отдельным санузлом недалеко от моря",0
"🤷‍♂Это большой, большой идиот.",0
"Нет желания качать с этой тёткой, пусть живёт в своём розовом мирке, с розовыми урнами для праха",0
"Это именно запросы в Яндекс на покупку квартиры/дома",0
"Как можно ближе к стволу деревца. В любом случае там есть возможность воде просочится",0
"Ассалому алейкум 🇺🇿🇰🇿🇹🇯🇰🇬🇷🇺🇸🇱 Дакумент хизматлари ишончли ва  Алдовсиз Телефон  +79850541474 Телеграм +79850541474 Ватсап.   +79850541474 ☝️На квартиру оргинал ! 💯 Регистрация 1-ой   💯 ?",0
"Предложите мне в личку квартиры в Анапе по 120",1
"Есть такой дом, называется детский😂",0
"Ассалому алейкум 🇺🇿🇰🇿🇹🇯🇰🇬🇷🇺🇸🇱 Дакумент хизматлари ишончли ва  Алдовсиз Телефон  +79850541474 Телеграм +79850541474 Ватсап.   +79850541474 ☝️На квартиру оргинал ! 💯 Регистрация 1-ой   💯 ?",0
"г.Краснодар🌅 Квартиры 2к        🌆ЖК Славянка  💎2к квартира ( бабочка ) ✅Комнаты изолированные  🤯Площадь 65 м² + две лоджии 🌄Высокий этаж , замечательный вид ✅Без обременения  👌🏻Только разбивка",0
"Автограф можно взять орангутанг",0
"В Анапе обильное цветение водорослей, в частности камки (кладофоры), тесно связано с поступлением в море сточных вод. Канализационные стоки, содержащие избыток фосфора и азота, служат питательной сред",0
"USDT 💵 от 500 Нал / карта Встреча лично Пиши — куплю",0
"Интересует проба? Напиши",0
"Какие мероприятия в такое пекло?смотреть херню с мокрым носом 😂",0
"Мой в 2015г большой противолодочный корабль ,СМЕТЛИВЫЙ, Москву сопровождал в Туртус, Сирия.",0
"Сало. Чужое. Халява. Взять взять",0
"✅😀😀😀😀😀😀😀😀😀😀😀✅ 💎Самые лучшие, быстрые и безопасные верификации на любую биржу💎 🗂Например: 🌐Bybit — 😀😀😀 🛒Binance — 😀😀😀 🌐Okx — 😀😀😀 👛Wallet — 😀😀😀 🤖Crypto bot — 😀😀😀 🤑Bitm",0
"Ищу адекватного мужчину, с кем можно делать деньги.",0
"Здраствуйте! Сейчас на авито увидела квартиру студию, частник продает, цена подозрительно низкая...Андрей подскажите в  итоге администрация дала разрешение?",1
"Семейную ипотеку уже взяли с мат капом😁",0
"400р стоит ,какие 800",0
"Не уедут))) жилья не проданого млн даже у застройщиков, вторичка вообще глухо.В Краснодаре купить легко, продать невозможно. Уехать желающих уйма , но ….",0
"Продам участок Срочная продажа ❗❗ 9 соток СНТ #Крым 10 км от моря Документы готовы к сделке 👌 Старая цена 1.300 Новая цена 650 Пригоден для строительства двухэтажного дома Реальному покупателю скидка",0
"Откройте уже Краснодарский, устал в Сочи ездить 🤦🏻",0
"Ассалому алейкум 🇺🇿🇰🇿🇹🇯🇰🇬🇷🇺🇸🇱 Дакумент хизматлари ишончли ва  Алдовсиз Телефон  +79850541474 Телеграм +79850541474 Ватсап.   +79850541474 ☝️На квартиру оргинал ! 💯 Регистрация 1-ой   💯 ?",0
"Куплю квартиру Куплю квартиру Куплю квартиру",1
"Pyки в делe — результaт есть Гoтов включитьcя — нaпиши, пoкaжy сyть",0
"В итоге купили недвижимость в Анапе ?",0
"#куплю Для себя: - проблемные земельные участки в Сочи и аналогичных районах побережья, близлежащие районы. - доли в земельных участках. 89033053684 Ринат",1
"Прикатить лодку к берегу — 3 000₽",0
"Да, мне с Сочи водолазы рассказывали, сколько им платят😢",0
"уплю квартиру",1
"Какие ещё будут версии",0
"Кручу, верчу, жить везде хочу",0
"На завтра требуется пару человек на помощь в постройке дома Легкие задачи ,просевка песка ,поднос щебня Куплю сигарет,воды и не обижу бабками",0
"Продам участок в селе Желябовка Нижнегорского района. Участок 25 соток, находится в хорошем, спокойном районе, в селе есть школа, детский сад, аптека, магазины, оптовый овощной рынок. Недалеко от учас",0
"Куплю USDT (trc-20) Личная встреча, самый выгодный курс на рынке.",0
"#продажа #Ялта #квартира 🌊🏔️Бескрайнее море, величественные горы и свежий морской воздух с высоты 15-го этажа. Продается видовая студия, площадь 36 м² в ЖК «Бакунинский». Дом введен в эксплуатацию!",0
"Счастливая чувиха. А мы все в дом, все в дом.",0
"Я вам куплю кфси",0
"Куплю USDT в замен на мои наличные доллары. Писать в лс!",0
"Сбер в июне заблочил перевод на свой же счет в другой банк ПВ на ипотеку. Уточняли: зачем перевожу. И почему вносила их на сбер наличными. Поясняла про покупку в ипотеку, поясняла, что наличные от сня",0
"Сниму 1-2 кк на длительный срок в центре Калининграда с автономным отоплением, обустроенную и с интернетом, до 35 000 рублей в месяц, рассматриваю варианты с комиссией Без выселения на летний период",0
"Прораб с бригадой. Выполним ремонт квартиры под ключ. 89939161708 Алексей",0
"В вишняковском сквере даже ресторан есть.Толи ,,Платан,, Толи,,Маленький Париж,, Сколько бабла туда вбухали.Он ещё работает?",0
"Pуки в дeле — peзyльтат есть Готoв включиться — нaпиши, пoкaжy cyть",0
"90:14:110401:441 Оленевка перспектива ИЖС 6 сот 530тр рассрочка До моря 3,5 км до озеро 2 км, до ЛЭП 100м с участка видно море😎😎😎🔥🔥🔥🔥 Окуневка🥳🥳🥳 90:14:100701:1641 2км от моря с участка видн",0
"Срочно продаются 4 смежных участка по 6 соток (24 сотки) ЛПХ в 3 км до моря и 800м до соленого озера с полезной голубой глиной в районе с. Штормовое Сакского района (Западный Крым). Расстояние до Евпа",0
"🔥🔥🔥Последняя квартира в первой очереди!☝️",0
"Участок под баню, отель, кп ! Участок красная поляна 49 соток ! Все документы в идеальном состоянии! Ижс + коммерческое использование земли ! 280 млн ! 89180886996 #сочи#Продажа#краснаяполяна#ижс#гост",0
"Хочу варианты!",0
"Колллеги, есть у кого клиент на покупку загородного дома в Калининграде? Готовы заплатить большие бонусы!",0
"Друзья, помогаю с выдачей документов в ГАИ, регистрация ТС, экзамены. Получение только при встрече в ГАИ. Звоните!",0
"🅰️🅰️🅰️🅰️🅰️🚧🅰️🅰️🅰️🚧🅰️🅰️🅰️🅰️ 🥶😕😕😢🥵 🙁😢🥶🤔😭🤗 😪😭😭😢😢 ⚠️От сбора документов до получения ВУ! ✅ЛЕГАЛЬН0 изготовляᴇм в/у любых кᴀтᴇгорий с офuцuᴀльным внᴇсᴇниᴇм в бᴀзу ГUБДД. РФ ⚠️",0
"Вы пидары нехуй квартиры в очке покупать😄",0
"Pуки в деле — pезультат есть Готoв включитьcя — напиши, покажу cуть",0
"Срочно куплю студию в Алуште. Звонить - 8 837 937 21 90",1
"КУПЛЮ УЧАСТОК. СПБ от 8 Га +++ ИЖС, ДНП или СНТ",1
" #куплю Для себя: - проблемные земельные участки в Сочи и аналогичных районах побережья, близлежащие районы. - доли в земельных участках. ",1
"Куплю  Часть, ДОЛЮ в квартире, доме СЕБЕ. Рассмотрю любые варианты в Симферопо ле, Севастополе, ЮБК и другие приморские города",1

"Куплю фен в Магните",0
"Ищу квартиру для покупки",1
"Продам недострой ТЦ г Дмитров на 24 сотках 2250 кВ 3 этажа первая линия главной улицы города города, сейчас возведен ЖБ Каркас здания с цокольным этажам с окнами по кругу премыкание к трассе согласова",0
"Ольга, для покупку в этом комплексе должен быть ребенок до 7 лет ☺️",0
"Ищу уборщика помещений — офисы/ТЦ. 38 000 руб./мес. при графике 6/1.",0
"Помощь в кредитовании 🔛 Все, что нужно для бизнеса! 🖥Поможем по всем вопросам, БЕСПЛАТНАЯ консультация! Суммы финансирования: 📌 Физические лица — до 12 млн рублей 📌 Юридические лица — до 45 млн ру",0
"Южная Озереевка- в продаже 2-х этажный дом 240 кв. м. +мансарда заходи и живи, вид на море, 10 мин. до пляжа. 8 соток земли, имеется сауна во дворе. Газ сетевой. Цена 30 млн. руб.",0
"2-к. квартира, 44 м², 4/4 эт. на продажу в Мирном | Купить квартиру | Авито (7515471679) https://share.google/LQXZRpFDzAI60Jsp1",0
"# Сниму (ищу для клиента) 3к квартиру, недалеко от метро, в которой можно курить на балконе квартиры Оплата до 70к /мес ! Проживать планирую граждани РФ",0
"Продаётся 2-комнатная квартира в Мариуполе 🌎 Город Мариуполь, Орджоникидзевский район, микрорайон Восточный 🔻Этаж: 1-й этаж с высоким цоколем 🔻Планировка: Комнаты изолированные 🔻Санузел: Раздельны",0
"Купить однокомнатную квартиру 35м² просп. Королева, 27/1, Ростов-на-Дону, Ростовская область - база ЦИАН, объявление 311158518 https://rostov.cian.ru/sale/flat/311158518/",0
"#продам Готовый дом под СЕМЕЙНУЮ и IT ипотеку в Ленинградской области, Выборгский район, п. Рощинский хутор. Можно без ПВ!!! Готовый каркасный дом 80кв.м на участке 6 соток. С отделкой, коммуникациями",0
"Куплю дом или 1/2 дома в вашем районе. Рассмотрю все варианты. Возможна помощь с документами. +7978 447 45 06.",1
"!!! Запрос !!! Ищу 3 комнатную квартиру в ЖК Сокол Град до 7500, предложите свои варианты",1
"1-к. квартира, 42 м², 2 кровати https://www.avito.ru/kaliningrad/kvartiry/1-k._kvartira_42_m_2_krovati_7477837011?utm_campaign=native&utm_medium=item_page_android&utm_source=soc_sharing",0
"🔥 Авторассылка по 850+ активным чатам Telegram Без лишнего шума — просто результат! 🔹 Мы продвигаем: — Офферы — Рекламу — Каналы — Работу — Ботов — Сайты ⏳ Длительность: 6 / 12 / 24 / 48 часов ⚡️ Ра",0
"Сниму 1-ную квартиру или студию в районе улицы Дыбенко, Романовского колледжа,ж.д вокзала. От собственника.",0
"🏡.                                                   🏡 Обмен. квартира в центральном районе Симферополя, на загородный  дом. https://m.avito.ru/simferopol/kvartiry/2-k._kvartira_547m_25et._447047569",0
"Продажа 3 к.кв.сталинка.63.6 кв.м с индивидуальным газовым отоплением и ремонтом.в самом центре г.БЕРДЯНСК ( азовское море ) 6.500.000 в л.с",0
"💼Финансирование для всех! ⌨Поддержка и консультации на всех этапах процесса. 👍Одобряем: - Физ лицам — до 7 млн - Юр лицам — до 40 млн 📞Подробности в лс!",0
"Продам в Мирном старый, но жилой дом 100кв на ровном ухоженном участке 8,5 соток. Стартовая цена 9 млн. ₽",0
"Какие симпатичные домики у художницы! С удовольствием бы заглянула к ней в гости!",0
"Сниму 1-к. квартиру в ЖК Левобережье ‼️",0
"Куплю квартиру от собственника без агентства на ЗЖМ",1
"Продам ровный участок в с. Пионерское, 10 соток. Вокруг жилые дома .90:12:040904:7182 Газ, вода, электричество на участке Цена 6,5 млн торг",0
"В каких ебенях эта улица? В Краснодаре с 1969 года живу",0
"Черновая кладка 380мм цена 4000м³ Черновая кладка 120мм(1/2) цена 1000м² Облицовка кирпичом(кладка под расшивку чистовая) 250мм(в целый камень) цена 3500м² Облицовка кирпичом(кладка под расшивку чисто",0
"💸БИЗНЕС ИНВЕСТИЦИИ 💸 От нас: - Индивидуальный подход - Покажем все от А до Я 🕯 Физлица: до 9 млн 📍Юрлица: до 40 млн Свяжитесь с нами в личных сообщениях для консультации.",0
"Нужна помощь вынести мусор с участка даю 5000 рубл.",0
"Продам: 1/2 дома в Софиевке 46 кв.м., земля в личной собственности 9,21 сот., газ по забору, удобства в доме, после ремонта-4,6 млн.; дом- дачу в Белом-4, общ. 110, три уровня, электрокотел, гараж, са",0
"Какие квартиры, тут боты дрочат на хохлов.",0
"🔠🔠🔠🔠🔠🔠🔠🔠🔠🔠🔠🔠 🔠🔠🔠🔠🔠🇷🇺 🥶😕😕😢🥵 🙁😢🥶🤔😭🤗 😪😭😭😢😢 🎖 🍀🐲🌱🌵🌵🥒🎄 —🌱🌱🛍 ✅Внᴇсᴇнuᴇ в бᴀзу ГUБDD ✅Всᴇ кᴀтᴇгорuu▶️⏸️⏯️⏹️⏺️⏭️ ✅Восстᴀновлᴇнuᴇ послᴇ лuшᴇнuя 🚘Рᴇгuстрᴀцuя трᴀнс",0
"Здравствуйте коллеги освободилась бригада строителей , строим дома с нуля , делаем облицовку домов с кирпича , мало этажные обращаться в личку",0
"Вы знаете, квартиру в Сочи даже не хочу",0
"Ищу дальше варианты",1
"АССАЛОМУ АЛЕЙКУМ МУСОФИРДА ЮРГАН АКА УКА ОПА СИНГИЛЛАР. СИЗЛАР УЧУН ЯНГИ КУЛАЙЛИК БИЗДА....... 🚎🚎АВТОБУС 🚎🚎ТАКСИ🚕 АВИАБИЛЕТ✈️ ⏩Хамма турдаги ДАКУМЕНТ ⏩ хизматлари 💯✅🇷🇺 РАССИЯ 🇷🇺 шахарларидан",0
"ПОКАЗЫВАЮ СВОИ самые секретные варианты заработка в шапке профиля 💋💋",0
"Сдаю 1 комнатную квартиру Мира 367 ,район Медакадемии с мебелью и техникой 20000 и коммунальные + залог + комиссия агенства .",0
"Посмотри объявление 1-к. квартира, 38,8 м², 11/21 эт. на Авито: https://www.avito.ru/rostov-na-donu/kvartiry/1-k._kvartira_388m_1121et._4993935100?utm_campaign=native&utm_medium=item_page_ios&utm_sour",0
"Здраствуйте ищу домработницу в дом оплата 10000руб.",0
"Шабашка на вечер, 2-3 часа от 3000₽, наличными или на карту. Еда — предоставляется. Всё в черте города, рядом с транспортом. С 16 лет",0
"Обязательно в музыкальном районе квартиру сними",0
"Куплю 60к Usdt Можно честями Могу подъехать к вам",0
"Участок 12 га (СНТ, ДНП) https://www.avito.ru/kuznechnoe/zemelnye_uchastki/uchastok_12ga_snt_dnp_1900906097?utm_campaign=native&utm_medium=item_page_android&utm_source=soc_sharing_seller",0
"Добрый день, куплю квартиру для себя советский район, желательно змж золотой квадрат. Бюджет до 7 млн. Варианты с фото в лс",1
"#куплю земельные участки под строительство гостиниц, апартов, под коммерцию, ИЖС 1.) Земельные участки под строительство гостиниц, апартов от 1 гектара. Сочи, Геленджик, Анапа, Туапсинский район. ВРИ:",1
"Продам 1 квартиру в Янино-1 ул.Кольцевая дом 8. Цена 5200тр Т 89633136796",0
"Ищу продавца Tether. Готовность к сделке сразу.",0
"Нужна помощь с ремонтом в квартире. Плачу по часам.",0
"🔥Свободно:🔥 ⚡с11-14/8 с23/8-5/9 1кв.КМарк,13,до3чел ⚡20/8-1кв. КМарк.11,до3чел ⚡10-18/8- Дом на Массандр.пляже,с двором. ⚡18-21/8 1квЕкатерининская, на2-4чел ⚡21/8-Дом с Видовой террасой,Мас.пляж! ⚡",0
"Ну или уходят в главную отрасль нашего города)",0
"Ищу промоутеров работа в городе листовки/аниматоры. Плачу хорошо!",0
"Ищу сильные руки, нужна помощь.",0
"Куплю квартиру для себя советский район, желательно змж золотой квадрат. Бюджет до 7 млн. Варианты с фото в лс",1
"Ольга , здравствуйте 🤝 На данный момент можем помочь с ремонтом в Краснодаре , Новороссийске и Крыму 👏",0
"Сколько стоит твой сер? Сколько заплатила адммнка",0
"Помогу купить квартиру в новостройке, бесплатно, помощь в получении ипотеки.",0
"Вac привeтствуeт сaмый тoпoвый Мaркeт 🤩🤩🤩🤩🤩🤩🤩🤩🤩 🤩🤩🤩🤩 ☀️💲 Пoявилcя cпocoб экoнoмить с пoмoщью пoкупoк зa ВTС ☀️💰 ЭКOНOMЬТE 1️⃣0️⃣% cвoиx дeнeжныx срeдcтв💲 ▫️ ◾️ ▪️▫️◾️ ◽️◾️◽️▪️▫️◾️ ▫️ ?",0
"Куплю старинные вещи, предлагайте варианты",0
"Дом | 125 м² | 12 сот. https://crm.topnlab.ru/object1754363847500/111882490/MjQ0OTUz",0
"Заявка на Покупку Название объекта: складское помещение, склады, логистические центры Тип объекта: Коммерческая недвижимость 👨‍⚖️Кто разместил: @Nikita_Kononenko 🌍Месторасположение: Регионы России ?",0
"Зачем мне жить в ебенях? Мне в ЖК Большой хорошо 😆",0
"Подарите себе отдых в Крыму. Какие подарки самому себе? 😆",0
"Спрос квартира в области для пенсионерки бюджет до 2000000",1
"Срочно #продам ИЖС 6 соток 9-й микрорайон , Бахчисарай Цена 1,6 млн 89788827861",0
"Не ищу идеального — ищу адекватного.",0
"Заявка на Покупку Название объекта: складское помещение, склады, логистические центры Тип объекта: Коммерческая недвижимость 👨‍⚖️Кто разместил: @Nikita_Kononenko 🌍Месторасположение: Регионы России ?",0
"Ищу квартиру, на долгосрочный съём. Район ул. садовой. До 25к. Пишите в личку",0
"В продаже прекрасный дом для большой семьи! Дом - из кирпича, фасад - клинкер 🏡 Параметры: 📍Земельный участок - 17 соток; 📍Площадь дома - 90 м²; 📍4 полноразмерные спальни; 📍Кухня-гостиная; 📍Совм",0
"Ищу исполнителя с ежедневной ставкой порядка 20к, подробности в переписке.",0
"Куплю мини холодильник под лимонады",0
"куплю хохлуху недорого, у тебя есть ненужная хохлуха?",0
"есть ненужная хохлуха? куплю недорого",0
"Заявка на Покупку Название объекта: складское помещение, склады, логистические центры Тип объекта: Коммерческая недвижимость 👨‍⚖️Кто разместил: @Nikita_Kononenko 🌍Месторасположение: Регионы России ?",0




